,school,sex,age,address,famsize,Pstatus,Medu,Fedu,Mjob,Fjob,reason,guardian_x,traveltime_x,studytime_x,failures_x,schoolsup_x,famsup_x,paid_x,activities_x,nursery,higher_x,internet,romantic_x,famrel_x,freetime_x,goout_x,Dalc_x,Walc_x,health_x,absences_x,G1_x,G2_x,G3_x,guardian_y,traveltime_y,studytime_y,failures_y,schoolsup_y,famsup_y,paid_y,activities_y,higher_y,romantic_y,famrel_y,freetime_y,goout_y,Dalc_y,Walc_y,health_y,absences_y,G1_y,G2_y,G3_y
0,GP,F,18,U,GT3,A,4,4,at_home,teacher,course,mother,2,2,0,yes,no,no,no,yes,yes,no,no,4,3,4,1,1,3,4,0,11,11,mother,2,2,0,yes,no,no,no,yes,no,4,3,4,1,1,3,6,5,6,6
1,GP,F,17,U,GT3,T,1,1,at_home,other,course,father,1,2,0,no,yes,no,no,no,yes,yes,no,5,3,3,1,1,3,2,9,11,11,father,1,2,0,no,yes,no,no,yes,no,5,3,3,1,1,3,4,5,5,6
2,GP,F,15,U,LE3,T,1,1,at_home,other,other,mother,1,2,0,yes,no,no,no,yes,yes,yes,no,4,3,2,2,3,3,6,12,13,12,mother,1,2,3,yes,no,yes,no,yes,no,4,3,2,2,3,3,10,7,8,10
3,GP,F,15,U,GT3,T,4,2,health,services,home,mother,1,3,0,no,yes,no,yes,yes,yes,yes,yes,3,2,2,1,1,5,0,14,14,14,mother,1,3,0,no,yes,yes,yes,yes,yes,3,2,2,1,1,5,2,15,14,15
4,GP,F,16,U,GT3,T,3,3,other,other,home,father,1,2,0,no,yes,no,no,yes,yes,no,no,4,3,2,1,2,5,0,11,13,13,father,1,2,0,no,yes,yes,no,yes,no,4,3,2,1,2,5,4,6,10,10
5,GP,M,16,U,LE3,T,4,3,services,other,reputation,mother,1,2,0,no,yes,no,yes,yes,yes,yes,no,5,4,2,1,2,5,6,12,12,13,mother,1,2,0,no,yes,yes,yes,yes,no,5,4,2,1,2,5,10,15,15,15
6,GP,M,16,U,LE3,T,2,2,other,other,home,mother,1,2,0,no,no,no,no,yes,yes,yes,no,4,4,4,1,1,3,0,13,12,13,mother,1,2,0,no,no,no,no,yes,no,4,4,4,1,1,3,0,12,12,11
7,GP,F,17,U,GT3,A,4,4,other,teacher,home,mother,2,2,0,yes,yes,no,no,yes,yes,no,no,4,1,4,1,1,1,2,10,13,13,mother,2,2,0,yes,yes,no,no,yes,no,4,1,4,1,1,1,6,6,5,6
8,GP,M,15,U,LE3,A,3,2,services,other,home,mother,1,2,0,no,yes,no,no,yes,yes,yes,no,4,2,2,1,1,1,0,15,16,17,mother,1,2,0,no,yes,yes,no,yes,no,4,2,2,1,1,1,0,16,18,19
9,GP,M,15,U,GT3,T,3,4,other,other,home,mother,1,2,0,no,yes,no,yes,yes,yes,yes,no,5,5,1,1,1,5,0,12,12,13,mother,1,2,0,no,yes,yes,yes,yes,no,5,5,1,1,1,5,0,14,15,15
10,GP,F,15,U,GT3,T,4,4,teacher,health,reputation,mother,1,2,0,no,yes,no,no,yes,yes,yes,no,3,3,3,1,2,2,2,14,14,14,mother,1,2,0,no,yes,yes,no,yes,no,3,3,3,1,2,2,0,10,8,9
11,GP,F,15,U,GT3,T,2,1,services,other,reputation,father,3,3,0,no,yes,no,yes,yes,yes,yes,no,5,2,2,1,1,4,0,10,12,13,father,3,3,0,no,yes,no,yes,yes,no,5,2,2,1,1,4,4,10,12,12
12,GP,M,15,U,LE3,T,4,4,health,services,course,father,1,1,0,no,yes,no,yes,yes,yes,yes,no,4,3,3,1,3,5,0,12,13,12,father,1,1,0,no,yes,yes,yes,yes,no,4,3,3,1,3,5,2,14,14,14
13,GP,M,15,U,GT3,T,4,3,teacher,other,course,mother,2,2,0,no,yes,no,no,yes,yes,yes,no,5,4,3,1,2,3,0,12,12,13,mother,2,2,0,no,yes,yes,no,yes,no,5,4,3,1,2,3,2,10,10,11
14,GP,M,15,U,GT3,A,2,2,other,other,home,other,1,3,0,no,yes,no,no,yes,yes,yes,yes,4,5,2,1,1,3,0,14,14,15,other,1,3,0,no,yes,no,no,yes,yes,4,5,2,1,1,3,0,14,16,16
15,GP,F,16,U,GT3,T,4,4,health,other,home,mother,1,1,0,no,yes,no,no,yes,yes,yes,no,4,4,4,1,2,2,6,17,17,17,mother,1,1,0,no,yes,no,no,yes,no,4,4,4,1,2,2,4,14,14,14
16,GP,F,16,U,GT3,T,4,4,services,services,reputation,mother,1,3,0,no,yes,no,yes,yes,yes,yes,no,3,2,3,1,2,2,10,13,13,14,mother,1,3,0,no,yes,yes,yes,yes,no,3,2,3,1,2,2,6,13,14,14
17,GP,F,16,U,GT3,T,3,3,other,other,reputation,mother,3,2,0,yes,yes,no,yes,yes,yes,no,no,5,3,2,1,1,4,2,13,14,14,mother,3,2,0,yes,yes,no,yes,yes,no,5,3,2,1,1,4,4,8,10,10
18,GP,M,17,U,GT3,T,3,2,services,services,course,mother,1,1,3,no,yes,yes,yes,yes,yes,yes,no,5,5,5,2,4,5,2,8,8,7,mother,1,1,3,no,yes,no,yes,yes,no,5,5,5,2,4,5,16,6,5,5
19,GP,M,16,U,LE3,T,4,3,health,other,home,father,1,1,0,no,no,no,yes,yes,yes,yes,no,3,1,3,1,3,5,6,12,12,12,father,1,1,0,no,no,yes,yes,yes,no,3,1,3,1,3,5,4,8,10,10
20,GP,M,15,U,GT3,T,4,3,teacher,other,reputation,mother,1,2,0,no,no,no,no,yes,yes,yes,no,4,4,1,1,1,1,0,12,13,14,mother,1,2,0,no,no,no,no,yes,no,4,4,1,1,1,1,0,13,14,15
21,GP,M,15,U,GT3,T,4,4,health,health,other,father,1,1,0,no,yes,yes,no,yes,yes,yes,no,5,4,2,1,1,5,0,11,12,12,father,1,1,0,no,yes,yes,no,yes,no,5,4,2,1,1,5,0,12,15,15
22,GP,M,16,U,LE3,T,4,2,teacher,other,course,mother,1,2,0,no,no,no,yes,yes,yes,yes,no,4,5,1,1,3,5,0,12,13,14,mother,1,2,0,no,no,no,yes,yes,no,4,5,1,1,3,5,2,15,15,16
23,GP,M,16,U,LE3,T,2,2,other,other,reputation,mother,2,2,0,no,yes,no,yes,yes,yes,yes,no,5,4,4,2,4,5,2,10,10,10,mother,2,2,0,no,yes,no,yes,yes,no,5,4,4,2,4,5,0,13,13,12
24,GP,F,15,R,GT3,T,2,4,services,health,course,mother,1,3,0,yes,yes,no,yes,yes,yes,yes,no,4,3,2,1,1,5,2,10,11,10,mother,1,3,0,yes,yes,yes,yes,yes,no,4,3,2,1,1,5,2,10,9,8
25,GP,F,16,U,GT3,T,2,2,services,services,home,mother,1,1,0,no,yes,no,no,no,yes,yes,no,1,2,2,1,3,5,6,10,11,12,mother,1,1,2,no,yes,yes,no,yes,no,1,2,2,1,3,5,14,6,9,8
26,GP,M,15,U,GT3,T,2,2,other,other,home,mother,1,1,0,no,yes,no,no,yes,yes,yes,no,4,2,2,1,2,5,8,11,12,12,mother,1,1,0,no,yes,yes,no,yes,no,4,2,2,1,2,5,2,12,12,11
27,GP,M,15,U,GT3,T,4,2,health,services,other,mother,1,1,0,no,no,no,no,yes,yes,yes,no,2,2,4,2,4,1,0,11,11,11,mother,1,1,0,no,no,yes,no,yes,no,2,2,4,2,4,1,4,15,16,15
28,GP,M,16,U,LE3,A,3,4,services,other,home,mother,1,2,0,yes,yes,yes,yes,yes,yes,yes,no,5,3,3,1,1,5,2,12,12,13,mother,1,2,0,yes,yes,no,yes,yes,no,5,3,3,1,1,5,4,11,11,11
29,GP,M,16,U,GT3,T,4,4,teacher,teacher,home,mother,1,2,0,no,yes,yes,yes,yes,yes,yes,yes,4,4,5,5,5,5,4,12,11,12,mother,1,2,0,no,yes,yes,yes,yes,yes,4,4,5,5,5,5,16,10,12,11
30,GP,M,15,U,GT3,T,4,4,health,services,home,mother,1,2,0,no,yes,yes,no,no,yes,yes,no,5,4,2,3,4,5,0,10,11,11,mother,1,2,0,no,yes,yes,no,yes,no,5,4,2,3,4,5,0,9,11,12
31,GP,M,15,U,GT3,T,4,4,services,services,reputation,mother,2,2,0,no,yes,no,yes,yes,yes,yes,no,4,3,1,1,1,5,2,15,15,15,mother,2,2,0,no,yes,no,yes,yes,no,4,3,1,1,1,5,0,17,16,17
32,GP,M,15,R,GT3,T,4,3,teacher,at_home,course,mother,1,2,0,no,yes,no,yes,yes,yes,yes,yes,4,5,2,1,1,5,0,13,14,15,mother,1,2,0,no,yes,no,yes,yes,yes,4,5,2,1,1,5,0,17,16,16
33,GP,M,15,U,LE3,T,3,3,other,other,course,mother,1,2,0,no,no,no,yes,no,yes,yes,no,5,3,2,1,1,2,0,13,12,12,mother,1,2,0,no,no,no,yes,yes,no,5,3,2,1,1,2,0,8,10,12
34,GP,M,16,U,GT3,T,3,2,other,other,home,mother,1,1,0,no,yes,no,no,no,yes,yes,no,5,4,3,1,1,5,4,12,12,12,mother,1,1,0,no,yes,yes,no,yes,no,5,4,3,1,1,5,0,12,14,15
35,GP,F,15,U,GT3,T,2,3,other,other,other,father,2,1,0,no,yes,no,yes,yes,yes,no,no,3,5,1,1,1,5,4,11,11,11,father,2,1,0,no,yes,no,yes,yes,no,3,5,1,1,1,5,0,8,7,6
36,GP,M,15,U,LE3,T,4,3,teacher,services,home,mother,1,3,0,no,yes,no,yes,yes,yes,yes,no,5,4,3,1,1,4,0,14,14,14,mother,1,3,0,no,yes,no,yes,yes,no,5,4,3,1,1,4,2,15,16,18
37,GP,M,16,R,GT3,A,4,4,other,teacher,reputation,mother,2,3,0,no,yes,no,yes,yes,yes,yes,yes,2,4,3,1,1,5,4,13,13,13,mother,2,3,0,no,yes,no,yes,yes,yes,2,4,3,1,1,5,7,15,16,15
38,GP,F,15,R,GT3,T,3,4,services,health,course,mother,1,3,0,yes,yes,no,yes,yes,yes,yes,no,4,3,2,1,1,5,2,11,12,12,mother,1,3,0,yes,yes,yes,yes,yes,no,4,3,2,1,1,5,2,12,12,11
39,GP,F,15,R,GT3,T,2,2,at_home,other,reputation,mother,1,1,0,yes,yes,no,yes,yes,yes,no,no,4,3,1,1,1,2,8,14,13,12,mother,1,1,0,yes,yes,yes,yes,yes,no,4,3,1,1,1,2,8,14,13,13
40,GP,F,16,U,LE3,T,2,2,other,other,home,mother,2,2,0,no,yes,no,yes,no,yes,yes,yes,3,3,3,1,2,3,16,11,11,10,mother,2,2,1,no,yes,no,yes,yes,yes,3,3,3,1,2,3,25,7,10,11
41,GP,M,15,U,LE3,T,4,4,teacher,other,home,other,1,1,0,no,yes,no,no,no,yes,yes,yes,5,4,3,2,4,5,8,10,11,11,other,1,1,0,no,yes,no,no,yes,yes,5,4,3,2,4,5,8,12,12,12
42,GP,M,15,U,GT3,T,4,4,services,teacher,course,father,1,2,0,no,yes,no,yes,yes,yes,yes,no,4,3,3,1,1,5,0,14,15,15,father,1,2,0,no,yes,no,yes,yes,no,4,3,3,1,1,5,2,19,18,18
43,GP,M,15,U,GT3,T,2,2,services,services,course,father,1,1,0,yes,yes,no,no,yes,yes,yes,no,5,4,1,1,1,1,0,9,10,10,father,1,1,0,yes,yes,no,no,yes,no,5,4,1,1,1,1,0,8,8,11
44,GP,F,16,U,LE3,T,2,2,other,at_home,course,father,2,2,1,yes,no,no,yes,yes,yes,yes,no,4,3,3,2,2,5,14,10,11,11,father,2,2,1,yes,no,no,yes,yes,no,4,3,3,2,2,5,14,10,10,9
45,GP,F,15,U,LE3,A,4,3,other,other,course,mother,1,2,0,yes,yes,yes,yes,yes,yes,yes,yes,5,2,2,1,1,5,4,10,11,11,mother,1,2,0,yes,yes,yes,yes,yes,yes,5,2,2,1,1,5,8,8,8,6
46,GP,F,16,U,LE3,A,3,3,other,services,home,mother,1,2,0,no,yes,no,no,yes,yes,yes,no,2,3,5,1,4,3,6,13,12,13,mother,1,2,0,no,yes,no,no,yes,no,2,3,5,1,4,3,12,11,12,11
47,GP,M,16,U,GT3,T,4,3,health,services,reputation,mother,1,4,0,no,no,no,yes,yes,yes,yes,no,4,2,2,1,1,2,2,17,17,17,mother,1,4,0,no,no,no,yes,yes,no,4,2,2,1,1,2,4,19,19,20
48,GP,M,15,U,GT3,T,4,2,teacher,other,home,mother,1,2,0,no,yes,no,no,yes,yes,no,no,4,3,3,2,2,5,4,11,12,13,mother,1,2,0,no,yes,yes,no,yes,no,4,3,3,2,2,5,2,15,15,14
49,GP,F,15,U,GT3,T,4,4,services,teacher,other,father,1,2,0,yes,yes,no,yes,no,yes,yes,no,4,4,4,1,1,3,2,13,12,12,father,1,2,1,yes,yes,no,yes,yes,no,4,4,4,1,1,3,2,7,7,7
50,GP,F,16,U,LE3,T,2,2,services,services,course,mother,3,2,0,no,yes,no,no,yes,yes,yes,no,4,3,3,2,3,4,0,14,13,13,mother,3,2,0,no,yes,yes,no,yes,no,4,3,3,2,3,4,2,12,13,13
51,GP,F,15,U,LE3,T,4,2,health,other,other,mother,1,2,0,no,yes,no,no,yes,yes,yes,no,4,3,3,1,1,5,0,16,14,16,mother,1,2,0,no,yes,yes,no,yes,no,4,3,3,1,1,5,2,11,13,13
52,GP,M,15,U,LE3,A,4,2,health,health,other,father,2,1,0,no,no,no,no,yes,yes,no,no,5,5,5,3,4,5,4,10,9,9,father,2,1,1,no,no,no,no,yes,no,5,5,5,3,4,5,6,11,11,10
53,GP,F,15,U,GT3,T,4,4,services,services,course,mother,1,1,0,yes,yes,no,no,yes,yes,yes,no,3,3,4,2,3,5,0,13,12,12,mother,1,1,0,yes,yes,yes,no,yes,no,3,3,4,2,3,5,0,8,10,11
54,GP,F,15,U,LE3,A,3,3,other,other,other,mother,1,1,0,no,no,no,no,yes,yes,yes,no,5,3,4,4,4,1,0,13,12,13,mother,1,1,0,no,no,yes,no,yes,no,5,3,4,4,4,1,6,10,13,13
55,GP,F,16,U,GT3,A,2,1,other,other,other,mother,1,2,0,no,no,no,yes,yes,yes,yes,yes,5,3,4,1,1,2,2,12,13,12,mother,1,2,0,no,no,yes,yes,yes,yes,5,3,4,1,1,2,8,8,9,10
56,GP,F,15,U,GT3,A,4,3,services,services,reputation,mother,1,2,0,no,yes,no,yes,yes,yes,yes,no,4,3,2,1,1,1,0,15,14,15,mother,1,2,0,no,yes,yes,yes,yes,no,4,3,2,1,1,1,0,14,15,15
57,GP,M,15,U,GT3,T,4,4,teacher,health,reputation,mother,1,2,0,no,yes,no,yes,yes,yes,no,no,3,2,2,1,1,5,8,15,15,16,mother,1,2,0,no,yes,no,yes,yes,no,3,2,2,1,1,5,4,14,15,15
58,GP,M,15,U,LE3,T,1,2,other,at_home,home,father,1,2,0,yes,yes,no,yes,yes,yes,yes,no,4,3,2,1,1,5,0,14,13,14,father,1,2,0,yes,yes,no,yes,yes,no,4,3,2,1,1,5,2,9,10,9
59,GP,F,16,U,GT3,T,4,2,services,other,course,mother,1,2,0,no,yes,yes,no,yes,yes,yes,no,4,2,3,1,1,5,2,16,15,16,mother,1,2,0,no,yes,no,no,yes,no,4,2,3,1,1,5,2,15,16,16
60,GP,F,16,R,GT3,T,4,4,health,teacher,other,mother,1,2,0,no,yes,no,yes,yes,yes,no,no,2,4,4,2,3,4,0,17,16,16,mother,1,2,0,no,yes,no,yes,yes,no,2,4,4,2,3,4,6,10,11,11
61,GP,F,16,U,GT3,T,1,1,services,services,course,father,4,1,0,yes,yes,no,yes,no,yes,yes,yes,5,5,5,5,5,5,0,10,10,16,father,4,1,0,yes,yes,no,yes,yes,yes,5,5,5,5,5,5,6,10,8,11
62,GP,F,16,U,LE3,T,1,2,other,services,reputation,father,1,2,0,yes,no,no,yes,yes,yes,yes,no,4,4,3,1,1,1,0,13,13,10,father,1,2,0,yes,no,no,yes,yes,no,4,4,3,1,1,1,4,8,10,9
63,GP,F,16,U,GT3,T,4,3,teacher,health,home,mother,1,3,0,yes,yes,no,yes,yes,yes,yes,no,3,4,4,2,4,4,0,14,13,13,mother,1,3,0,yes,yes,yes,yes,yes,no,3,4,4,2,4,4,2,10,9,9
64,GP,F,15,U,LE3,T,4,3,services,services,reputation,father,1,2,0,yes,no,no,yes,yes,yes,yes,yes,4,4,4,2,4,2,0,13,12,12,father,1,2,0,yes,no,no,yes,yes,yes,4,4,4,2,4,2,0,10,10,10
65,GP,F,16,U,LE3,T,4,3,teacher,services,course,mother,3,2,0,no,yes,no,yes,yes,yes,yes,no,5,4,3,1,2,1,2,16,15,16,mother,3,2,0,no,yes,no,yes,yes,no,5,4,3,1,2,1,2,16,15,15
66,GP,M,15,U,GT3,A,4,4,other,services,reputation,mother,1,4,0,no,yes,no,yes,no,yes,yes,yes,1,3,3,5,5,3,0,11,12,12,mother,1,4,0,no,yes,no,yes,yes,yes,1,3,3,5,5,3,4,13,13,12
67,GP,F,16,U,GT3,T,3,1,services,other,course,mother,1,4,0,yes,yes,no,no,yes,yes,yes,no,4,3,3,1,2,5,0,10,9,10,mother,1,4,0,yes,yes,yes,no,yes,no,4,3,3,1,2,5,4,7,7,6
68,GP,F,15,R,LE3,T,2,2,health,services,reputation,mother,2,2,0,yes,yes,no,no,yes,yes,yes,no,4,1,3,1,3,4,0,11,10,11,mother,2,2,0,yes,yes,yes,no,yes,no,4,1,3,1,3,4,2,8,9,8
69,GP,F,15,R,LE3,T,3,1,other,other,reputation,father,2,4,0,no,yes,no,no,no,yes,yes,no,4,4,2,2,3,3,6,15,15,15,father,2,4,0,no,yes,no,no,yes,no,4,4,2,2,3,3,12,16,16,16
70,GP,M,16,U,GT3,T,3,1,other,other,reputation,father,2,4,0,no,yes,no,no,yes,yes,yes,no,4,3,2,1,1,5,2,13,11,11,father,2,4,0,no,yes,yes,no,yes,no,4,3,2,1,1,5,0,13,15,15
71,GP,M,15,U,GT3,T,4,2,other,other,course,mother,1,4,0,no,no,no,no,yes,yes,yes,no,3,3,3,1,1,3,0,11,9,10,mother,1,4,0,no,no,no,no,yes,no,3,3,3,1,1,3,0,10,10,10
72,GP,F,15,R,GT3,T,1,1,other,other,reputation,mother,1,2,0,yes,yes,no,no,no,yes,yes,yes,3,3,4,2,4,5,2,13,11,11,mother,1,2,2,yes,yes,no,no,yes,yes,3,3,4,2,4,5,2,8,6,5
73,GP,M,16,U,GT3,T,3,1,other,other,reputation,mother,1,1,0,no,no,no,yes,yes,yes,no,no,5,3,2,2,2,5,0,13,13,14,mother,1,1,0,no,no,no,yes,yes,no,5,3,2,2,2,5,2,12,12,14
74,GP,F,16,U,GT3,T,3,3,other,services,home,mother,1,2,0,yes,yes,no,yes,yes,yes,yes,no,4,3,3,2,4,5,4,11,11,11,mother,1,2,0,yes,yes,yes,yes,yes,no,4,3,3,2,4,5,54,11,12,11
75,GP,M,15,U,GT3,T,4,3,teacher,other,home,mother,1,2,0,no,yes,no,yes,yes,yes,yes,no,4,3,3,2,3,5,0,11,11,11,mother,1,2,0,no,yes,yes,yes,yes,no,4,3,3,2,3,5,6,9,9,10
76,GP,M,15,U,GT3,T,4,0,teacher,other,course,mother,2,4,0,no,no,no,yes,yes,yes,yes,no,3,4,3,1,1,1,0,12,11,11,mother,2,4,0,no,no,no,yes,yes,no,3,4,3,1,1,1,8,11,11,10
77,GP,F,16,U,GT3,T,2,2,other,other,reputation,mother,1,4,0,no,no,no,no,yes,yes,yes,yes,5,2,3,1,3,3,1,13,13,13,mother,1,4,0,no,no,yes,no,yes,yes,5,2,3,1,3,3,0,11,11,11
78,GP,M,17,U,GT3,T,2,1,other,other,home,mother,2,1,3,yes,yes,no,yes,yes,no,yes,no,4,5,1,1,1,3,0,9,9,10,mother,2,1,3,yes,yes,no,yes,no,no,4,5,1,1,1,3,2,8,8,10
79,GP,M,17,U,GT3,T,2,1,other,other,home,mother,2,1,3,yes,yes,no,yes,yes,no,yes,no,4,5,1,1,1,3,0,9,9,10,mother,1,1,3,no,yes,no,no,yes,no,5,4,5,1,2,5,0,5,0,0
80,GP,M,17,U,GT3,T,2,1,other,other,home,mother,1,1,0,no,yes,no,no,yes,yes,yes,no,5,4,5,1,2,5,22,9,7,6,mother,2,1,3,yes,yes,no,yes,no,no,4,5,1,1,1,3,2,8,8,10
81,GP,M,17,U,GT3,T,2,1,other,other,home,mother,1,1,0,no,yes,no,no,yes,yes,yes,no,5,4,5,1,2,5,22,9,7,6,mother,1,1,3,no,yes,no,no,yes,no,5,4,5,1,2,5,0,5,0,0
82,GP,F,16,U,GT3,T,3,4,at_home,other,course,mother,1,2,0,no,yes,no,no,yes,yes,yes,no,2,4,3,1,2,3,14,12,11,11,mother,1,2,0,no,yes,no,no,yes,no,2,4,3,1,2,3,12,5,5,5
83,GP,M,15,U,GT3,T,2,3,other,services,course,father,1,1,0,yes,yes,no,yes,no,yes,yes,yes,3,2,2,1,3,3,0,11,11,12,father,1,1,0,yes,yes,yes,yes,yes,yes,3,2,2,1,3,3,2,10,12,12
84,GP,M,15,U,GT3,T,2,3,other,other,home,mother,1,3,0,yes,no,no,no,no,yes,yes,no,5,3,2,1,2,5,2,10,9,9,mother,1,3,0,yes,no,yes,no,yes,no,5,3,2,1,2,5,4,11,10,11
85,GP,F,15,U,LE3,T,3,2,services,other,reputation,mother,1,2,0,no,yes,no,no,yes,yes,yes,no,4,4,4,1,1,5,4,12,11,11,mother,1,2,0,no,yes,yes,no,yes,no,4,4,4,1,1,5,10,7,6,6
86,GP,M,15,U,LE3,T,2,2,services,services,home,mother,2,2,0,no,no,yes,yes,yes,yes,yes,no,5,3,3,1,3,4,2,13,12,13,mother,2,2,0,no,no,yes,yes,yes,no,5,3,3,1,3,4,4,15,15,15
87,GP,F,15,U,GT3,T,1,1,other,other,home,father,1,2,0,no,yes,no,yes,no,yes,yes,no,4,3,2,2,3,4,2,13,12,12,father,1,2,0,no,yes,no,yes,yes,no,4,3,2,2,3,4,2,9,10,10
88,GP,F,15,U,GT3,T,4,4,services,services,reputation,father,2,2,0,no,no,no,no,yes,yes,yes,yes,4,4,4,2,3,5,4,12,11,12,father,2,2,2,no,no,yes,no,yes,yes,4,4,4,2,3,5,6,7,9,8
89,GP,F,16,U,LE3,T,2,2,at_home,other,course,mother,1,2,0,no,yes,no,no,yes,yes,no,no,4,3,4,1,2,2,6,13,11,11,mother,1,2,0,no,yes,no,no,yes,no,4,3,4,1,2,2,4,8,7,6
90,GP,F,15,U,GT3,T,4,2,other,other,reputation,mother,1,3,0,no,yes,no,yes,yes,yes,yes,no,5,3,3,1,3,1,4,15,15,15,mother,1,3,0,no,yes,no,yes,yes,no,5,3,3,1,3,1,4,13,14,14
91,GP,M,16,U,GT3,T,2,2,services,other,reputation,father,2,2,0,no,no,no,yes,no,yes,yes,no,4,4,2,1,1,3,6,12,10,11,father,2,2,1,no,no,yes,yes,yes,no,4,4,2,1,1,3,12,11,10,10
92,GP,M,16,U,LE3,A,4,4,teacher,health,reputation,mother,1,2,0,no,yes,no,no,yes,yes,no,no,4,1,3,3,5,5,6,9,9,10,mother,1,2,0,no,yes,no,no,yes,no,4,1,3,3,5,5,18,8,6,7
93,GP,F,16,U,GT3,T,3,3,other,other,home,mother,1,3,0,no,yes,no,no,yes,yes,yes,yes,4,3,3,1,3,4,2,9,11,11,mother,1,3,0,no,yes,yes,no,yes,yes,4,3,3,1,3,4,0,7,7,8
94,GP,F,15,U,GT3,T,4,3,services,other,reputation,mother,1,1,0,no,no,no,yes,yes,yes,yes,no,4,5,5,1,3,1,6,14,13,13,mother,1,1,0,no,no,yes,yes,yes,no,4,5,5,1,3,1,4,16,17,18
95,GP,F,16,U,LE3,T,3,1,other,other,home,father,1,2,0,yes,yes,no,no,yes,yes,no,no,3,3,3,2,3,2,0,12,13,12,father,1,2,0,yes,yes,no,no,yes,no,3,3,3,2,3,2,4,7,6,6
96,GP,F,16,U,GT3,T,4,2,teacher,services,home,mother,2,2,0,no,yes,no,yes,yes,yes,yes,no,5,3,3,1,1,1,2,13,14,14,mother,2,2,0,no,yes,yes,yes,yes,no,5,3,3,1,1,1,0,11,10,10
97,GP,M,15,U,LE3,T,2,2,services,health,reputation,mother,1,4,0,no,yes,no,yes,yes,yes,yes,no,4,3,4,1,1,4,2,11,12,12,mother,1,4,0,no,yes,no,yes,yes,no,4,3,4,1,1,4,6,11,13,14
98,GP,F,15,R,GT3,T,1,1,at_home,other,home,mother,2,4,0,yes,yes,yes,yes,yes,yes,yes,no,3,1,2,1,1,1,4,13,13,13,mother,2,4,1,yes,yes,yes,yes,yes,no,3,1,2,1,1,1,2,7,10,10
99,GP,M,16,R,GT3,T,4,3,services,other,reputation,mother,2,1,0,yes,yes,yes,yes,no,yes,yes,no,3,3,3,1,1,4,6,9,11,11,mother,2,1,0,yes,yes,no,yes,yes,no,3,3,3,1,1,4,2,11,15,15
100,GP,F,16,U,GT3,T,2,1,other,other,course,mother,1,2,0,no,yes,no,no,yes,yes,no,yes,4,3,5,1,1,5,0,13,12,12,mother,1,2,0,no,yes,yes,no,yes,yes,4,3,5,1,1,5,2,8,9,10
101,GP,F,16,U,GT3,T,4,4,other,other,reputation,mother,1,1,0,no,no,no,yes,no,yes,yes,no,5,3,4,1,2,1,4,12,13,13,mother,1,1,0,no,no,no,yes,yes,no,5,3,4,1,2,1,6,11,14,14
102,GP,F,16,U,GT3,T,4,3,other,at_home,course,mother,1,3,0,yes,yes,no,no,yes,yes,yes,no,5,3,5,1,1,3,2,12,13,13,mother,1,3,0,yes,yes,yes,no,yes,no,5,3,5,1,1,3,0,7,9,8
103,GP,M,16,U,GT3,T,4,4,services,services,other,mother,1,1,0,yes,yes,no,yes,yes,yes,yes,no,4,5,5,5,5,4,12,9,9,8,mother,1,1,0,yes,yes,yes,yes,yes,no,4,5,5,5,5,4,14,7,7,5
104,GP,M,16,U,GT3,T,4,4,services,teacher,other,father,1,3,0,no,yes,no,yes,yes,yes,yes,yes,4,4,3,1,1,4,0,16,16,16,father,1,3,0,no,yes,no,yes,yes,yes,4,4,3,1,1,4,0,16,17,17
105,GP,M,15,U,GT3,T,4,4,services,other,course,mother,1,1,0,no,yes,yes,yes,no,yes,yes,no,5,3,3,1,1,5,2,12,13,12,mother,1,1,0,no,yes,no,yes,yes,no,5,3,3,1,1,5,4,10,13,14
106,GP,F,15,U,GT3,T,3,2,services,other,home,mother,2,2,0,yes,yes,no,no,yes,yes,yes,no,4,3,5,1,1,2,16,11,10,10,mother,2,2,0,yes,yes,yes,no,yes,no,4,3,5,1,1,2,26,7,6,6
107,GP,M,15,U,GT3,A,3,4,services,other,course,mother,1,2,0,no,yes,no,yes,yes,yes,yes,no,5,4,4,1,1,1,0,16,16,16,mother,1,2,0,no,yes,yes,yes,yes,no,5,4,4,1,1,1,0,16,18,18
108,GP,F,15,U,GT3,A,3,3,other,health,reputation,father,1,4,0,yes,no,no,no,yes,yes,no,no,4,3,3,1,1,4,10,10,10,10,father,1,4,0,yes,no,no,no,yes,no,4,3,3,1,1,4,10,10,11,11
109,GP,F,15,U,GT3,T,2,2,other,other,course,mother,1,4,0,yes,yes,no,no,yes,yes,yes,no,5,1,2,1,1,3,4,10,10,10,mother,1,4,0,yes,yes,yes,no,yes,no,5,1,2,1,1,3,8,7,8,8
110,GP,M,16,U,GT3,T,3,3,services,other,home,father,1,3,0,no,yes,no,yes,yes,yes,yes,no,5,3,3,1,1,5,4,13,14,14,father,1,3,0,no,yes,no,yes,yes,no,5,3,3,1,1,5,2,16,18,18
111,GP,M,16,U,GT3,T,3,3,services,other,home,father,1,3,0,no,yes,no,yes,yes,yes,yes,no,5,3,3,1,1,5,4,13,14,14,mother,1,2,0,no,no,yes,yes,yes,yes,4,2,3,1,2,3,2,12,13,12
112,GP,M,16,U,GT3,T,3,3,services,other,home,mother,1,2,0,no,no,no,yes,yes,yes,yes,yes,4,2,3,1,2,3,0,11,12,13,father,1,3,0,no,yes,no,yes,yes,no,5,3,3,1,1,5,2,16,18,18
113,GP,M,16,U,GT3,T,3,3,services,other,home,mother,1,2,0,no,no,no,yes,yes,yes,yes,yes,4,2,3,1,2,3,0,11,12,13,mother,1,2,0,no,no,yes,yes,yes,yes,4,2,3,1,2,3,2,12,13,12
114,GP,M,15,R,GT3,T,4,4,other,other,home,father,4,4,0,no,yes,no,yes,yes,yes,yes,yes,1,3,5,3,5,1,8,12,10,11,father,4,4,0,no,yes,yes,yes,yes,yes,1,3,5,3,5,1,6,10,13,13
115,GP,F,16,U,LE3,T,4,4,health,health,other,mother,1,3,0,no,yes,no,yes,yes,yes,yes,yes,5,4,5,1,1,4,2,15,15,14,mother,1,3,0,no,yes,yes,yes,yes,yes,5,4,5,1,1,4,4,14,15,16
116,GP,M,15,U,LE3,A,4,4,teacher,teacher,course,mother,1,1,0,no,no,no,yes,yes,yes,yes,no,5,5,3,1,1,4,4,13,14,14,mother,1,1,0,no,no,no,yes,yes,no,5,5,3,1,1,4,6,18,19,19
117,GP,F,16,R,GT3,T,3,3,services,other,reputation,father,1,3,0,yes,yes,no,yes,yes,yes,yes,no,4,1,2,1,1,2,4,11,11,11,father,1,3,1,yes,yes,no,yes,yes,no,4,1,2,1,1,2,0,7,10,10
118,GP,F,16,U,GT3,T,2,2,at_home,other,home,mother,1,2,1,yes,no,no,yes,yes,yes,yes,no,3,1,2,1,1,5,12,8,10,10,mother,1,2,1,yes,no,no,yes,yes,no,3,1,2,1,1,5,6,10,13,13
119,GP,M,15,U,LE3,T,4,2,teacher,other,course,mother,1,1,0,no,no,no,no,yes,yes,yes,no,3,5,2,1,1,3,10,18,17,18,mother,1,1,0,no,no,no,no,yes,no,3,5,2,1,1,3,10,18,19,19
120,GP,M,15,R,GT3,T,2,1,health,services,reputation,mother,1,2,0,no,no,no,yes,yes,yes,yes,yes,5,4,2,1,1,5,4,10,9,10,mother,1,2,0,no,no,no,yes,yes,yes,5,4,2,1,1,5,8,9,9,9
121,GP,M,16,U,GT3,T,4,4,teacher,teacher,course,father,1,2,0,no,yes,no,yes,yes,yes,yes,no,5,4,4,1,2,5,6,16,14,14,father,1,2,0,no,yes,no,yes,yes,no,5,4,4,1,2,5,2,15,15,16
122,GP,M,16,U,GT3,T,4,4,teacher,teacher,course,father,1,2,0,no,yes,no,yes,yes,yes,yes,no,5,4,4,1,2,5,6,16,14,14,mother,1,1,0,no,yes,no,no,no,yes,3,3,2,2,1,5,0,7,6,0
123,GP,M,16,U,GT3,T,4,4,teacher,teacher,course,mother,1,1,0,no,yes,no,no,yes,no,yes,yes,3,3,2,2,1,5,16,9,9,8,father,1,2,0,no,yes,no,yes,yes,no,5,4,4,1,2,5,2,15,15,16
124,GP,M,16,U,GT3,T,4,4,teacher,teacher,course,mother,1,1,0,no,yes,no,no,yes,no,yes,yes,3,3,2,2,1,5,16,9,9,8,mother,1,1,0,no,yes,no,no,no,yes,3,3,2,2,1,5,0,7,6,0
125,GP,M,15,U,GT3,T,4,4,other,teacher,reputation,father,2,2,0,no,yes,no,yes,yes,yes,no,no,4,4,3,1,1,2,4,16,15,16,father,2,2,0,no,yes,no,yes,yes,no,4,4,3,1,1,2,2,11,13,14
126,GP,M,16,U,GT3,T,3,3,other,services,home,father,2,1,0,no,no,no,yes,yes,yes,yes,no,5,4,2,1,1,5,6,14,14,15,father,2,1,0,no,no,no,yes,yes,no,5,4,2,1,1,5,0,13,14,13
127,GP,M,17,R,GT3,T,1,3,other,other,course,father,3,2,1,no,yes,no,yes,yes,yes,yes,no,5,2,4,1,4,5,14,12,11,11,father,3,2,1,no,yes,no,yes,yes,no,5,2,4,1,4,5,20,9,7,8
128,GP,M,15,U,GT3,T,3,4,other,other,reputation,father,1,1,0,no,no,no,no,yes,yes,yes,no,3,4,3,1,2,4,2,14,13,14,father,1,1,0,no,no,no,no,yes,no,3,4,3,1,2,4,6,14,13,13
129,GP,F,15,U,GT3,T,1,2,at_home,services,course,mother,1,2,0,no,no,no,no,no,yes,yes,no,3,2,3,1,2,1,0,14,14,14,mother,1,2,0,no,no,no,no,yes,no,3,2,3,1,2,1,2,16,15,15
130,GP,M,15,U,GT3,T,2,2,services,services,home,father,1,4,0,no,yes,no,yes,yes,yes,yes,no,5,5,4,1,2,5,6,14,13,13,father,1,4,0,no,yes,yes,yes,yes,no,5,5,4,1,2,5,6,16,14,15
131,GP,F,16,U,LE3,T,2,4,other,health,course,father,2,2,0,no,yes,no,yes,yes,yes,yes,yes,4,2,2,1,2,5,2,14,12,13,father,2,2,0,no,yes,yes,yes,yes,yes,4,2,2,1,2,5,2,13,13,13
132,GP,M,16,U,GT3,T,4,4,health,other,course,mother,1,1,0,no,yes,no,yes,yes,yes,yes,no,3,4,4,1,4,5,4,12,13,13,mother,1,1,0,no,yes,no,yes,yes,no,3,4,4,1,4,5,18,14,11,13
133,GP,F,16,U,GT3,T,2,2,other,other,home,mother,1,2,0,no,no,no,no,yes,yes,yes,yes,5,4,4,1,1,5,0,12,11,11,mother,1,2,0,no,no,yes,no,yes,yes,5,4,4,1,1,5,0,8,7,8
134,GP,M,15,U,GT3,T,3,4,services,services,home,father,1,1,0,yes,no,no,no,yes,yes,yes,no,5,5,5,3,2,5,2,9,9,9,father,1,1,0,yes,no,no,no,yes,no,5,5,5,3,2,5,0,13,13,12
135,GP,F,15,U,LE3,A,3,4,other,other,home,mother,1,2,0,yes,no,no,yes,yes,yes,yes,yes,5,3,2,1,1,1,0,10,11,11,mother,1,2,0,yes,no,no,yes,yes,yes,5,3,2,1,1,1,0,7,10,11
136,GP,F,19,U,GT3,T,0,1,at_home,other,course,other,1,2,2,no,yes,no,no,no,no,no,no,3,4,2,1,1,5,0,9,10,11,other,1,2,3,no,yes,no,no,no,no,3,4,2,1,1,5,2,7,8,9
137,GP,M,16,R,GT3,T,4,4,teacher,teacher,course,mother,1,1,0,no,no,no,yes,yes,yes,yes,no,3,5,5,2,5,4,8,14,14,15,mother,1,1,0,no,no,yes,yes,yes,no,3,5,5,2,5,4,8,18,18,18
138,GP,F,15,R,GT3,T,3,4,services,teacher,course,father,2,3,0,no,yes,no,no,yes,yes,yes,yes,4,2,2,2,2,5,0,10,11,12,father,2,3,2,no,yes,no,no,yes,yes,4,2,2,2,2,5,0,12,0,0
139,GP,F,15,U,GT3,T,1,1,at_home,other,course,mother,3,1,0,no,yes,no,yes,no,yes,yes,yes,4,3,3,1,2,4,6,11,12,13,mother,3,1,0,no,yes,no,yes,yes,yes,4,3,3,1,2,4,0,8,0,0
140,GP,F,17,U,LE3,T,2,2,other,other,course,father,1,1,0,no,yes,no,no,yes,yes,yes,yes,3,4,4,1,3,5,2,13,12,12,father,1,1,0,no,yes,no,no,yes,yes,3,4,4,1,3,5,12,10,13,12
141,GP,F,16,U,GT3,A,3,4,services,other,course,father,1,1,0,no,no,no,no,yes,yes,yes,no,3,2,1,1,4,5,12,15,13,14,father,1,1,0,no,no,no,no,yes,no,3,2,1,1,4,5,16,12,11,11
142,GP,M,15,R,GT3,T,3,4,at_home,teacher,course,mother,4,2,0,no,yes,no,no,yes,yes,no,yes,5,3,3,1,1,5,2,12,11,11,mother,4,2,0,no,yes,no,no,yes,yes,5,3,3,1,1,5,0,9,0,0
143,GP,F,15,U,GT3,T,4,4,services,at_home,course,mother,1,3,0,no,yes,no,yes,yes,yes,yes,yes,4,3,3,1,1,5,4,13,14,15,mother,1,3,0,no,yes,no,yes,yes,yes,4,3,3,1,1,5,0,11,0,0
144,GP,M,17,R,GT3,T,3,4,at_home,other,course,mother,3,2,0,no,no,no,no,yes,yes,no,no,5,4,5,2,4,5,2,10,9,10,mother,3,2,0,no,no,no,no,yes,no,5,4,5,2,4,5,0,10,0,0
145,GP,F,16,U,GT3,A,3,3,other,other,course,other,2,1,0,no,yes,no,yes,no,yes,yes,yes,4,3,2,1,1,5,4,9,9,10,other,2,1,2,no,yes,no,yes,yes,yes,4,3,2,1,1,5,0,4,0,0
146,GP,M,16,U,LE3,T,1,1,services,other,course,mother,1,2,2,no,no,no,no,yes,yes,no,yes,4,4,4,1,3,5,0,10,10,10,mother,1,2,1,no,no,no,no,yes,yes,4,4,4,1,3,5,0,14,12,12
147,GP,F,15,U,GT3,T,4,4,teacher,teacher,course,mother,2,1,0,no,no,no,yes,yes,yes,yes,no,4,3,2,1,1,5,6,13,14,14,mother,2,1,0,no,no,no,yes,yes,no,4,3,2,1,1,5,0,16,16,15
148,GP,M,15,U,GT3,T,4,3,teacher,services,course,father,2,4,0,yes,yes,no,no,yes,yes,yes,no,2,2,2,1,1,3,6,9,11,11,father,2,4,0,yes,yes,no,no,yes,no,2,2,2,1,1,3,0,7,9,0
149,GP,M,16,U,GT3,T,4,4,services,services,course,mother,1,3,0,no,yes,no,yes,yes,yes,yes,no,5,3,3,1,3,5,0,15,13,13,mother,1,1,0,no,no,no,yes,yes,no,5,3,2,1,2,5,0,13,12,12
150,GP,M,16,U,GT3,T,4,4,services,services,course,mother,1,1,0,no,no,yes,yes,yes,yes,yes,no,5,3,2,1,2,5,4,14,15,15,mother,1,1,0,no,no,no,yes,yes,no,5,3,2,1,2,5,0,13,12,12
151,GP,M,16,U,LE3,T,2,2,services,services,reputation,father,2,1,0,no,yes,no,yes,yes,yes,yes,no,2,3,3,2,2,2,4,12,11,11,father,2,1,2,no,yes,no,yes,yes,no,2,3,3,2,2,2,8,9,9,9
152,GP,F,15,U,GT3,T,4,4,teacher,services,course,mother,1,3,0,no,yes,no,yes,yes,yes,yes,no,4,2,2,1,1,5,2,13,13,13,mother,1,3,0,no,yes,yes,yes,yes,no,4,2,2,1,1,5,2,9,11,11
153,GP,F,16,U,LE3,T,1,1,at_home,at_home,course,mother,1,1,0,no,no,no,no,yes,yes,yes,no,3,4,4,3,3,1,4,10,11,11,mother,1,1,0,no,no,no,no,yes,no,3,4,4,3,3,1,2,14,14,13
154,GP,F,15,U,GT3,T,1,1,other,services,course,father,1,2,0,no,yes,no,no,yes,yes,yes,no,4,4,2,1,2,5,0,12,12,12,father,1,2,0,no,yes,yes,no,yes,no,4,4,2,1,2,5,0,8,11,11
155,GP,F,15,U,GT3,T,3,2,health,services,home,father,1,2,1,no,yes,no,no,yes,yes,yes,no,3,3,2,1,1,3,2,11,11,11,father,1,2,3,no,yes,no,no,yes,no,3,3,2,1,1,3,0,6,7,0
156,GP,F,15,U,GT3,T,1,2,at_home,other,course,mother,1,2,0,no,yes,no,no,no,yes,yes,no,4,3,2,1,1,5,6,13,12,13,mother,1,2,0,no,yes,yes,no,yes,no,4,3,2,1,1,5,2,10,11,11
157,GP,M,15,U,LE3,A,2,1,services,other,course,mother,4,1,0,no,no,no,no,yes,yes,yes,no,4,5,5,2,5,5,0,12,11,11,mother,4,1,3,no,no,no,no,yes,no,4,5,5,2,5,5,0,8,9,10
158,GP,M,18,U,LE3,T,1,1,other,other,course,mother,1,1,2,no,no,no,no,yes,no,yes,yes,2,3,5,2,5,4,0,11,9,0,mother,1,1,3,no,no,no,no,no,yes,2,3,5,2,5,4,0,6,5,0
159,GP,M,16,U,LE3,T,2,1,at_home,other,course,mother,1,1,1,no,no,no,yes,yes,yes,no,yes,4,4,4,3,5,5,6,9,10,10,mother,1,1,1,no,no,no,yes,yes,yes,4,4,4,3,5,5,6,12,13,14
160,GP,F,15,R,GT3,T,3,3,services,services,reputation,other,2,3,0,no,yes,yes,yes,yes,yes,yes,yes,4,2,1,2,3,3,2,13,13,13,other,2,3,2,no,yes,yes,yes,yes,yes,4,2,1,2,3,3,8,10,10,10
161,GP,M,19,U,GT3,T,3,2,services,at_home,home,mother,1,1,0,no,yes,no,no,yes,no,yes,yes,4,5,4,1,1,4,6,11,9,11,mother,1,1,3,no,yes,no,no,no,yes,4,5,4,1,1,4,0,5,0,0
162,GP,F,17,U,GT3,T,4,4,other,teacher,course,mother,1,1,0,yes,yes,no,no,yes,yes,no,yes,4,2,1,1,1,4,0,13,13,13,mother,1,1,0,yes,yes,no,no,yes,yes,4,2,1,1,1,4,0,11,11,12
163,GP,M,15,R,GT3,T,2,3,at_home,services,course,mother,1,2,0,yes,no,yes,yes,yes,yes,no,no,4,4,4,1,1,1,0,7,8,8,mother,1,2,0,yes,no,yes,yes,yes,no,4,4,4,1,1,1,2,11,8,8
164,GP,M,17,R,LE3,T,1,2,other,other,reputation,mother,1,1,3,no,no,no,no,yes,yes,no,no,2,2,2,3,3,5,14,9,8,10,mother,1,1,0,no,no,no,no,yes,no,2,2,2,3,3,5,8,16,12,13
165,GP,F,18,R,GT3,T,1,1,at_home,other,course,mother,3,1,3,no,yes,no,yes,no,yes,no,no,5,2,5,1,5,4,6,11,10,11,mother,3,1,3,no,yes,no,yes,yes,no,5,2,5,1,5,4,6,9,8,10
166,GP,M,16,R,GT3,T,2,2,at_home,other,course,mother,3,1,0,no,no,no,no,no,yes,no,no,4,2,2,1,2,3,4,12,10,11,mother,3,1,0,no,no,no,no,yes,no,4,2,2,1,2,3,2,17,15,15
167,GP,M,16,U,GT3,T,3,3,other,services,course,father,1,2,1,no,yes,no,no,yes,yes,yes,yes,4,5,5,4,4,5,0,10,10,1,father,1,2,1,no,yes,yes,no,yes,yes,4,5,5,4,4,5,4,10,12,12
168,GP,M,17,R,LE3,T,2,1,at_home,other,course,mother,2,1,1,no,no,yes,yes,yes,no,yes,yes,3,3,2,2,2,5,8,8,8,9,mother,2,1,2,no,no,no,yes,no,yes,3,3,2,2,2,5,0,7,6,0
169,GP,M,17,R,LE3,T,1,1,other,services,course,mother,4,2,0,no,no,no,yes,yes,no,no,yes,5,3,5,1,5,5,0,8,8,8,mother,4,2,3,no,no,no,yes,no,yes,5,3,5,1,5,5,0,5,8,7
170,GP,M,16,U,GT3,T,2,2,other,other,course,father,1,2,0,no,no,no,no,yes,no,yes,no,4,3,5,2,4,4,0,9,10,11,father,1,2,0,no,no,no,no,no,no,4,3,5,2,4,4,4,10,10,10
171,GP,F,16,U,GT3,T,4,2,health,services,home,father,1,2,0,no,no,no,no,yes,yes,yes,yes,4,2,3,1,1,3,0,17,17,18,father,1,2,0,no,no,yes,no,yes,yes,4,2,3,1,1,3,0,14,15,16
172,GP,F,16,U,GT3,T,2,2,other,other,home,mother,1,2,0,no,yes,no,no,no,yes,yes,no,5,1,5,1,1,4,0,12,12,13,mother,1,2,0,no,yes,yes,no,yes,no,5,1,5,1,1,4,0,6,7,0
173,GP,F,16,U,GT3,T,4,4,health,health,reputation,mother,1,2,0,no,yes,no,no,yes,yes,yes,yes,4,4,2,1,1,3,0,16,16,17,mother,1,2,0,no,yes,yes,no,yes,yes,4,4,2,1,1,3,0,14,14,14
174,GP,M,16,U,GT3,T,3,4,other,other,course,father,3,1,1,no,yes,no,yes,no,yes,yes,no,3,4,5,2,4,2,4,9,9,10,father,3,1,2,no,yes,no,yes,yes,no,3,4,5,2,4,2,0,6,5,0
175,GP,M,16,U,GT3,T,1,0,other,other,reputation,mother,2,2,0,no,yes,no,yes,yes,yes,yes,yes,4,3,2,1,1,3,0,16,17,18,mother,2,2,0,no,yes,yes,yes,yes,yes,4,3,2,1,1,3,2,13,15,16
176,GP,M,17,U,LE3,T,4,4,teacher,other,reputation,mother,1,2,0,no,yes,no,yes,yes,yes,yes,no,4,4,4,1,3,5,0,11,9,10,mother,1,2,0,no,yes,yes,yes,yes,no,4,4,4,1,3,5,0,13,11,10
177,GP,F,16,U,GT3,T,1,3,at_home,services,home,mother,1,2,0,no,no,no,yes,no,yes,yes,yes,4,3,5,1,1,3,0,14,13,13,mother,1,2,3,no,no,no,yes,yes,yes,4,3,5,1,1,3,0,8,7,0
178,GP,F,16,U,LE3,T,3,3,other,other,reputation,mother,2,2,0,no,yes,no,yes,yes,yes,yes,no,4,4,5,1,1,4,0,14,14,15,mother,2,2,0,no,yes,yes,yes,yes,no,4,4,5,1,1,4,4,10,11,9
179,GP,M,17,U,LE3,T,4,3,teacher,other,course,mother,2,2,0,no,no,no,yes,yes,yes,yes,no,4,4,4,4,4,4,0,10,11,11,mother,2,2,0,no,no,yes,yes,yes,no,4,4,4,4,4,4,4,10,9,9
180,GP,F,16,U,GT3,T,2,2,services,other,reputation,mother,2,2,0,no,no,no,yes,no,yes,yes,no,3,4,4,1,4,5,0,13,12,14,mother,2,2,0,no,no,yes,yes,yes,no,3,4,4,1,4,5,2,13,13,11
181,GP,M,17,U,GT3,T,3,3,other,other,reputation,father,1,2,0,no,no,no,yes,no,yes,yes,no,4,3,4,1,4,4,4,11,9,10,father,1,2,0,no,no,no,yes,yes,no,4,3,4,1,4,4,4,6,5,6
182,GP,M,16,R,GT3,T,4,2,teacher,services,other,mother,1,1,0,no,yes,no,yes,yes,yes,yes,yes,4,3,3,3,4,3,8,10,9,11,mother,1,1,0,no,yes,no,yes,yes,yes,4,3,3,3,4,3,10,10,8,9
183,GP,M,17,U,GT3,T,4,3,other,other,course,mother,1,2,0,no,yes,yes,yes,yes,yes,yes,yes,5,2,3,1,1,2,4,11,11,13,mother,1,2,0,no,yes,no,yes,yes,yes,5,2,3,1,1,2,4,10,10,11
184,GP,M,16,U,GT3,T,4,3,teacher,other,home,mother,1,2,0,no,yes,yes,yes,yes,yes,yes,no,3,4,3,2,3,3,4,11,10,11,mother,1,2,0,no,yes,yes,yes,yes,no,3,4,3,2,3,3,10,9,8,8
185,GP,F,17,U,GT3,T,2,4,services,services,reputation,father,1,2,0,no,yes,no,yes,yes,yes,no,no,5,4,2,2,3,5,0,17,18,17,father,1,2,0,no,yes,no,yes,yes,no,5,4,2,2,3,5,0,16,17,17
186,GP,F,17,U,LE3,T,3,3,other,other,reputation,mother,1,2,0,no,yes,no,yes,yes,yes,yes,yes,5,3,3,2,3,1,32,14,13,14,mother,1,2,0,no,yes,no,yes,yes,yes,5,3,3,2,3,1,56,9,9,8
187,GP,F,16,U,GT3,T,3,2,other,other,reputation,mother,1,2,0,no,yes,no,no,yes,yes,yes,no,1,2,2,1,2,1,8,14,15,16,mother,1,2,0,no,yes,yes,no,yes,no,1,2,2,1,2,1,14,12,13,12
188,GP,M,17,U,GT3,T,3,3,services,services,other,mother,1,2,0,no,yes,no,yes,yes,yes,yes,yes,4,3,4,2,3,4,6,11,13,14,mother,1,2,0,no,yes,no,yes,yes,yes,4,3,4,2,3,4,12,12,12,11
189,GP,M,16,U,GT3,T,1,2,services,services,other,mother,1,1,0,no,yes,no,yes,yes,yes,yes,yes,3,3,3,1,2,3,0,10,9,11,mother,1,1,0,no,yes,yes,yes,yes,yes,3,3,3,1,2,3,2,11,12,11
190,GP,M,16,U,LE3,T,2,1,other,other,course,mother,1,2,0,no,no,no,yes,yes,yes,yes,yes,4,2,3,1,2,5,0,13,14,16,mother,1,2,0,no,no,yes,yes,yes,yes,4,2,3,1,2,5,0,15,15,15
191,GP,F,17,U,GT3,A,3,3,health,other,reputation,mother,1,2,0,no,yes,no,no,no,yes,yes,yes,3,3,3,1,3,3,10,12,13,14,mother,1,2,0,no,yes,no,no,yes,yes,3,3,3,1,3,3,6,8,7,9
192,GP,M,17,R,GT3,T,1,2,at_home,other,home,mother,1,2,0,no,no,no,no,yes,yes,no,no,3,1,3,1,5,3,6,9,9,10,mother,1,2,0,no,no,no,no,yes,no,3,1,3,1,5,3,4,8,9,10
193,GP,F,16,U,GT3,T,2,3,services,services,course,mother,1,2,0,no,no,no,no,yes,yes,yes,no,4,3,3,1,1,2,6,12,12,13,mother,1,2,0,no,no,no,no,yes,no,4,3,3,1,1,2,10,11,12,13
194,GP,F,17,U,GT3,T,1,1,at_home,services,course,mother,1,2,0,no,no,no,yes,yes,yes,yes,no,5,3,3,1,1,3,0,12,11,12,mother,1,2,0,no,no,no,yes,yes,no,5,3,3,1,1,3,0,8,8,9
195,GP,M,17,U,GT3,T,1,2,at_home,services,other,other,2,2,0,no,no,no,yes,no,yes,yes,no,4,4,4,4,5,5,16,10,11,12,other,2,2,0,no,no,yes,yes,yes,no,4,4,4,4,5,5,12,7,8,8
196,GP,M,16,R,GT3,T,3,3,services,services,reputation,mother,1,1,0,no,yes,no,yes,yes,yes,yes,no,4,3,2,3,4,5,0,11,10,10,mother,1,1,0,no,yes,no,yes,yes,no,4,3,2,3,4,5,8,8,9,10
197,GP,M,16,U,GT3,T,2,3,other,other,home,father,2,1,0,no,no,no,no,yes,yes,yes,no,5,3,3,1,1,3,0,13,12,12,father,2,1,0,no,no,no,no,yes,no,5,3,3,1,1,3,0,13,14,14
198,GP,F,17,U,LE3,T,2,4,services,services,course,father,1,2,0,no,no,no,yes,yes,yes,yes,yes,4,3,2,1,1,5,8,14,15,16,father,1,2,0,no,no,no,yes,yes,yes,4,3,2,1,1,5,0,14,15,15
199,GP,M,17,U,GT3,T,4,4,services,teacher,home,mother,1,1,0,no,no,no,no,yes,yes,yes,no,5,2,3,1,2,5,4,13,13,14,mother,1,1,0,no,no,no,no,yes,no,5,2,3,1,2,5,4,17,15,16
200,GP,M,16,R,LE3,T,3,3,teacher,other,home,father,3,1,0,no,yes,no,yes,yes,yes,yes,no,3,3,4,3,5,3,16,10,11,12,father,3,1,0,no,yes,yes,yes,yes,no,3,3,4,3,5,3,8,9,9,10
201,GP,F,17,U,GT3,T,4,4,services,teacher,home,mother,2,1,1,no,yes,no,no,yes,yes,yes,no,4,2,4,2,3,2,30,14,15,16,mother,2,1,1,no,yes,no,no,yes,no,4,2,4,2,3,2,24,18,18,18
202,GP,F,16,U,LE3,T,4,4,teacher,teacher,reputation,mother,1,2,0,no,yes,no,no,yes,yes,yes,no,4,5,2,1,2,3,0,11,10,11,mother,1,2,0,no,yes,yes,no,yes,no,4,5,2,1,2,3,0,9,9,10
203,GP,F,16,U,GT3,T,4,3,health,other,home,mother,1,2,0,no,yes,no,yes,yes,yes,yes,no,4,3,5,1,5,2,2,14,14,15,mother,1,2,0,no,yes,no,yes,yes,no,4,3,5,1,5,2,2,16,16,16
204,GP,F,16,U,GT3,T,2,3,other,other,reputation,mother,1,2,0,yes,yes,no,yes,yes,yes,no,no,4,4,3,1,3,4,4,11,12,12,mother,1,2,0,yes,yes,yes,yes,yes,no,4,4,3,1,3,4,6,8,10,10
205,GP,F,17,U,GT3,T,1,1,other,other,course,mother,1,2,0,no,yes,no,no,no,yes,no,no,4,4,4,1,3,1,0,14,15,15,mother,1,2,0,no,yes,yes,no,yes,no,4,4,4,1,3,1,4,9,9,10
206,GP,F,17,R,GT3,T,2,2,other,other,reputation,mother,1,1,0,no,yes,no,no,yes,yes,yes,no,5,3,2,1,2,3,21,13,13,13,mother,1,1,0,no,yes,no,no,yes,no,5,3,2,1,2,3,18,7,6,6
207,GP,F,16,R,GT3,T,2,2,services,services,reputation,mother,2,4,0,no,yes,no,yes,no,yes,yes,no,5,3,5,1,1,5,6,13,13,13,mother,2,4,0,no,yes,yes,yes,yes,no,5,3,5,1,1,5,6,10,10,11
208,GP,F,17,U,GT3,T,3,4,at_home,services,home,mother,1,3,1,no,yes,yes,no,yes,yes,yes,yes,4,4,3,3,4,5,14,8,9,8,mother,1,3,1,no,yes,yes,no,yes,yes,4,4,3,3,4,5,28,10,9,9
209,GP,F,16,U,GT3,A,3,1,services,other,course,mother,1,2,0,no,yes,no,no,yes,yes,yes,no,2,3,3,2,2,4,2,11,11,12,mother,1,2,3,no,yes,yes,no,yes,no,2,3,3,2,2,4,5,7,7,7
210,GP,F,16,U,GT3,T,4,3,teacher,other,other,mother,1,2,0,no,no,no,yes,yes,yes,yes,yes,1,3,2,1,1,1,4,14,15,15,mother,1,2,0,no,no,yes,yes,yes,yes,1,3,2,1,1,1,10,11,12,13
211,GP,F,16,U,GT3,T,1,1,at_home,other,home,mother,2,1,0,no,yes,no,no,yes,yes,no,no,4,3,2,1,4,5,2,12,13,13,mother,2,1,0,no,yes,yes,no,yes,no,4,3,2,1,4,5,6,9,9,10
212,GP,F,17,R,GT3,T,4,3,teacher,other,reputation,mother,2,3,0,no,yes,no,yes,yes,yes,yes,yes,4,4,2,1,1,4,0,11,12,12,mother,2,3,0,no,yes,yes,yes,yes,yes,4,4,2,1,1,4,6,7,7,7
213,GP,F,19,U,GT3,T,3,3,other,other,reputation,other,1,4,0,no,yes,no,yes,yes,yes,yes,no,4,3,3,1,2,3,4,12,12,12,other,1,4,0,no,yes,yes,yes,yes,no,4,3,3,1,2,3,10,8,8,8
214,GP,M,17,U,LE3,T,4,4,services,other,home,mother,1,2,0,no,yes,no,no,yes,yes,yes,yes,5,3,5,4,5,3,15,13,12,12,mother,1,2,0,no,yes,yes,no,yes,yes,5,3,5,4,5,3,13,12,12,13
215,GP,F,16,U,GT3,A,2,2,other,other,reputation,mother,1,2,0,yes,yes,no,no,yes,yes,yes,no,3,3,4,1,1,4,0,13,13,13,mother,1,2,0,yes,yes,yes,no,yes,no,3,3,4,1,1,4,0,12,13,14
216,GP,M,18,U,GT3,T,2,2,services,other,home,mother,1,2,0,no,yes,no,yes,yes,yes,yes,no,4,4,4,2,4,5,10,12,11,11,mother,1,2,1,no,yes,yes,yes,yes,no,4,4,4,2,4,5,15,6,7,8
217,GP,F,17,R,LE3,T,4,4,services,other,other,mother,1,1,0,no,yes,no,no,yes,yes,no,no,5,2,1,1,2,3,6,12,11,11,mother,1,1,0,no,yes,yes,no,yes,no,5,2,1,1,2,3,12,8,10,10
218,GP,F,17,U,LE3,T,3,2,other,other,reputation,mother,2,2,0,no,no,no,no,yes,yes,yes,no,4,4,4,1,3,1,2,14,16,15,mother,2,2,0,no,no,yes,no,yes,no,4,4,4,1,3,1,2,14,15,15
219,GP,F,17,U,GT3,T,4,3,other,other,reputation,mother,1,2,0,no,no,no,no,yes,yes,yes,yes,3,4,5,2,4,1,16,11,9,10,mother,1,2,2,no,no,yes,no,yes,yes,3,4,5,2,4,1,22,6,6,4
220,GP,M,18,U,LE3,T,3,3,services,health,home,father,1,2,0,no,yes,no,no,yes,yes,yes,no,3,2,4,2,4,4,10,10,10,10,father,1,2,1,no,yes,yes,no,yes,no,3,2,4,2,4,4,13,6,6,8
221,GP,F,17,U,GT3,T,2,3,at_home,other,home,father,2,1,0,no,yes,no,no,yes,yes,no,no,3,3,3,1,4,3,4,12,13,13,father,2,1,0,no,yes,yes,no,yes,no,3,3,3,1,4,3,3,7,7,8
222,GP,F,17,U,GT3,T,2,2,at_home,at_home,course,mother,1,3,0,no,yes,no,yes,yes,yes,yes,no,4,3,3,1,1,4,0,12,12,13,mother,1,3,0,no,yes,yes,yes,yes,no,4,3,3,1,1,4,4,9,10,10
223,GP,F,17,R,GT3,T,2,1,at_home,services,reputation,mother,2,2,0,no,yes,no,yes,yes,yes,yes,no,4,2,5,1,2,5,0,11,10,11,mother,2,2,0,no,yes,no,yes,yes,no,4,2,5,1,2,5,2,6,6,6
224,GP,F,17,U,GT3,T,1,1,at_home,other,reputation,mother,1,3,0,no,yes,no,yes,yes,yes,no,yes,4,3,4,1,1,5,12,12,12,12,mother,1,3,1,no,yes,no,yes,yes,yes,4,3,4,1,1,5,0,6,5,0
225,GP,F,16,U,GT3,T,2,3,services,teacher,other,mother,1,2,0,yes,no,no,no,yes,yes,yes,no,2,3,1,1,1,3,0,13,13,14,mother,1,2,0,yes,no,no,no,yes,no,2,3,1,1,1,3,2,16,16,17
226,GP,M,18,U,GT3,T,2,2,other,other,home,mother,2,2,3,no,yes,yes,no,yes,yes,yes,no,3,3,3,5,5,4,9,10,9,10,mother,2,2,0,no,yes,yes,no,yes,no,3,3,3,5,5,4,0,12,13,13
227,GP,F,16,U,GT3,T,4,4,teacher,services,home,mother,1,3,0,no,yes,no,yes,no,yes,yes,no,5,3,2,1,1,5,4,15,16,16,mother,1,3,0,no,yes,no,yes,yes,no,5,3,2,1,1,5,0,13,13,14
228,GP,F,18,R,GT3,T,3,1,other,other,reputation,mother,1,2,0,no,no,no,yes,yes,yes,yes,yes,5,3,3,1,1,4,4,8,8,8,mother,1,2,1,no,no,no,yes,yes,yes,5,3,3,1,1,4,16,9,8,7
229,GP,F,17,U,GT3,T,3,2,other,other,course,mother,1,2,0,no,no,no,yes,no,yes,yes,no,5,3,4,1,3,3,2,17,18,17,mother,1,2,0,no,no,no,yes,yes,no,5,3,4,1,3,3,10,16,15,15
230,GP,M,17,U,LE3,T,2,3,services,services,reputation,father,1,2,0,no,yes,no,no,no,yes,yes,no,5,3,3,1,3,3,0,10,11,11,father,1,2,0,no,yes,yes,no,yes,no,5,3,3,1,3,3,2,12,11,12
231,GP,M,18,U,LE3,T,2,1,at_home,other,course,mother,4,2,0,yes,yes,no,yes,yes,yes,yes,yes,4,3,2,4,5,3,2,9,10,11,mother,4,2,0,yes,yes,yes,yes,yes,yes,4,3,2,4,5,3,14,10,8,9
232,GP,F,17,U,GT3,A,2,1,other,other,course,mother,2,3,0,no,no,no,yes,yes,yes,yes,yes,3,2,3,1,2,3,0,15,15,16,mother,2,3,0,no,no,no,yes,yes,yes,3,2,3,1,2,3,10,12,10,12
233,GP,F,17,U,LE3,T,4,3,health,other,reputation,father,1,2,0,no,no,no,yes,yes,yes,yes,yes,3,2,3,1,2,3,0,14,12,12,father,1,2,0,no,no,no,yes,yes,yes,3,2,3,1,2,3,14,13,13,14
234,GP,M,17,R,GT3,T,2,2,other,other,course,father,2,2,0,no,yes,no,yes,yes,yes,yes,no,4,5,2,1,1,1,0,12,13,13,father,2,2,0,no,yes,yes,yes,yes,no,4,5,2,1,1,1,4,11,11,11
235,GP,M,17,U,GT3,T,4,4,teacher,teacher,reputation,mother,1,2,0,yes,yes,no,yes,yes,yes,yes,yes,4,5,5,1,3,2,0,13,13,13,mother,1,2,0,yes,yes,no,yes,yes,yes,4,5,5,1,3,2,14,11,9,9
236,GP,M,16,U,GT3,T,4,4,health,other,reputation,father,1,2,0,no,yes,no,yes,yes,yes,yes,no,4,2,4,2,4,1,0,13,13,14,father,1,2,0,no,yes,yes,yes,yes,no,4,2,4,2,4,1,2,14,13,13
237,GP,M,16,U,LE3,T,1,1,other,other,home,mother,2,2,0,no,yes,no,no,yes,yes,yes,no,3,4,2,1,1,5,2,9,9,9,mother,2,2,0,no,yes,yes,no,yes,no,3,4,2,1,1,5,18,9,7,6
238,GP,M,16,U,GT3,T,3,2,at_home,other,reputation,mother,2,3,0,no,no,no,yes,yes,yes,yes,yes,5,3,3,1,3,2,0,12,12,12,mother,2,3,0,no,no,no,yes,yes,yes,5,3,3,1,3,2,10,11,9,10
239,GP,M,17,U,LE3,T,2,2,other,other,home,father,1,2,0,no,no,no,yes,no,yes,yes,yes,4,4,2,5,5,4,0,16,16,16,father,1,2,0,no,no,yes,yes,yes,yes,4,4,2,5,5,4,4,14,13,13
240,GP,F,16,U,GT3,T,2,1,other,other,home,mother,1,1,0,no,no,no,no,yes,yes,yes,yes,4,5,2,1,1,5,4,9,10,10,mother,1,1,0,no,no,no,no,yes,yes,4,5,2,1,1,5,20,13,12,12
241,GP,F,17,R,GT3,T,2,1,at_home,services,course,mother,3,2,0,no,no,no,yes,yes,yes,no,no,2,1,1,1,1,3,2,13,13,13,mother,3,2,0,no,no,no,yes,yes,no,2,1,1,1,1,3,2,13,11,11
242,GP,M,18,U,GT3,T,2,2,other,services,reputation,father,1,2,0,no,no,no,no,yes,no,yes,no,5,5,4,3,5,2,16,8,7,8,father,1,2,1,no,no,no,no,no,no,5,5,4,3,5,2,0,7,7,0
243,GP,M,17,U,LE3,T,4,3,health,other,course,mother,2,2,0,no,no,no,yes,yes,yes,yes,yes,2,5,5,1,4,5,8,15,15,15,mother,2,2,0,no,no,no,yes,yes,yes,2,5,5,1,4,5,14,12,12,12
244,GP,M,17,R,LE3,A,4,4,teacher,other,course,mother,2,2,0,no,yes,no,no,yes,yes,yes,no,3,3,3,2,3,4,0,12,12,12,mother,2,2,0,no,yes,yes,no,yes,no,3,3,3,2,3,4,2,10,11,12
245,GP,M,16,U,LE3,T,4,3,teacher,other,course,mother,1,1,0,no,no,no,yes,no,yes,yes,no,5,4,5,1,1,3,7,14,14,15,mother,1,1,0,no,no,no,yes,yes,no,5,4,5,1,1,3,0,6,0,0
246,GP,F,17,U,GT3,T,4,4,teacher,services,course,mother,1,2,0,no,yes,yes,no,yes,yes,yes,yes,5,3,1,1,4,5,2,11,11,12,mother,1,3,0,no,yes,yes,yes,yes,no,5,4,4,1,3,4,7,10,9,9
247,GP,F,17,U,GT3,T,4,4,teacher,services,course,mother,1,3,0,no,yes,no,yes,yes,yes,yes,no,5,4,4,1,3,4,0,13,12,13,mother,1,3,0,no,yes,yes,yes,yes,no,5,4,4,1,3,4,7,10,9,9
248,GP,F,18,U,GT3,T,2,1,other,other,course,other,2,3,0,no,yes,no,no,no,yes,yes,yes,4,4,4,1,1,3,10,12,10,11,other,2,3,0,no,yes,yes,no,yes,yes,4,4,4,1,1,3,0,7,0,0
249,GP,M,16,U,GT3,T,2,1,other,other,course,mother,3,1,0,no,no,no,no,yes,yes,yes,no,4,3,3,1,1,4,7,15,16,16,mother,3,1,0,no,no,no,no,yes,no,4,3,3,1,1,4,6,18,18,18
250,GP,M,17,U,GT3,T,2,3,other,other,course,father,2,1,0,no,no,no,no,yes,yes,yes,no,5,2,2,1,1,2,2,9,12,13,father,2,1,0,no,no,no,no,yes,no,5,2,2,1,1,2,4,12,12,13
251,GP,M,22,U,GT3,T,3,1,services,services,other,mother,1,1,3,no,no,no,no,no,no,yes,yes,5,4,5,5,5,1,12,7,8,5,mother,1,1,3,no,no,no,no,no,yes,5,4,5,5,5,1,16,6,8,8
252,GP,M,18,R,LE3,T,3,3,other,services,course,mother,1,2,0,no,yes,no,no,yes,yes,yes,yes,4,3,3,1,3,5,8,10,9,10,mother,1,2,1,no,yes,no,no,yes,yes,4,3,3,1,3,5,8,3,5,5
253,GP,M,16,U,GT3,T,0,2,other,other,other,mother,1,1,0,no,no,no,no,no,yes,yes,no,4,3,2,2,4,5,0,11,12,11,mother,1,1,0,no,no,yes,no,yes,no,4,3,2,2,4,5,0,13,15,15
254,GP,M,18,U,GT3,T,3,2,services,other,course,mother,2,1,0,no,no,no,no,yes,no,yes,no,4,4,5,2,4,5,8,7,8,7,mother,2,1,1,no,no,no,no,no,no,4,4,5,2,4,5,0,6,8,8
255,GP,M,16,U,GT3,T,3,3,at_home,other,reputation,other,3,2,1,yes,yes,no,no,no,yes,yes,no,5,3,3,1,3,2,4,9,11,10,other,3,2,0,yes,yes,no,no,yes,no,5,3,3,1,3,2,6,7,10,10
256,GP,M,18,U,GT3,T,2,1,services,services,other,mother,1,1,2,no,no,no,no,no,no,yes,no,3,2,5,2,5,5,4,7,8,6,mother,1,1,1,no,no,no,no,no,no,3,2,5,2,5,5,4,6,9,8
257,GP,M,16,R,GT3,T,2,1,other,other,course,mother,2,1,0,no,no,no,yes,no,yes,no,no,3,3,2,1,3,3,2,14,13,12,mother,2,1,0,no,no,no,yes,yes,no,3,3,2,1,3,3,0,8,9,8
258,GP,M,17,R,GT3,T,2,1,other,other,course,mother,1,1,0,no,no,no,no,no,yes,yes,no,4,4,2,2,4,5,0,12,12,13,mother,1,1,0,no,no,no,no,yes,no,4,4,2,2,4,5,0,8,12,12
259,GP,M,17,U,LE3,T,1,1,health,other,course,mother,2,1,1,no,yes,no,yes,yes,yes,yes,no,4,4,4,1,2,5,0,9,10,10,mother,2,1,1,no,yes,no,yes,yes,no,4,4,4,1,2,5,2,7,9,8
260,GP,F,17,U,LE3,T,4,2,teacher,services,reputation,mother,1,4,0,no,yes,no,yes,yes,yes,yes,no,4,2,3,1,1,4,2,14,15,17,mother,1,4,0,no,yes,yes,yes,yes,no,4,2,3,1,1,4,6,14,12,13
261,GP,M,19,U,LE3,A,4,3,services,at_home,reputation,mother,1,2,0,no,yes,no,no,yes,yes,yes,no,4,3,1,1,1,1,4,11,13,14,mother,1,2,0,no,yes,no,no,yes,no,4,3,1,1,1,1,12,11,11,11
262,GP,M,18,U,GT3,T,2,1,other,other,home,mother,1,2,0,no,no,no,yes,yes,yes,yes,no,5,2,4,1,2,4,2,16,16,16,mother,1,2,0,no,no,no,yes,yes,no,5,2,4,1,2,4,8,15,14,14
263,GP,F,17,U,LE3,T,2,2,services,services,course,father,1,4,0,no,no,no,yes,yes,yes,yes,yes,3,4,1,1,1,2,2,10,11,12,father,1,4,0,no,no,yes,yes,yes,yes,3,4,1,1,1,2,0,10,9,0
264,GP,F,18,U,GT3,T,4,3,services,other,home,father,1,2,0,no,yes,no,no,yes,yes,yes,yes,3,1,2,1,3,2,2,15,15,15,father,1,2,0,no,yes,yes,no,yes,yes,3,1,2,1,3,2,21,17,18,18
265,GP,M,18,U,GT3,T,4,3,teacher,other,course,mother,1,2,0,no,yes,no,no,no,yes,yes,no,4,3,2,1,1,3,2,10,10,11,mother,1,2,0,no,yes,yes,no,yes,no,4,3,2,1,1,3,2,8,8,8
266,GP,M,18,R,GT3,T,3,2,other,other,course,mother,1,3,0,no,no,no,yes,no,yes,no,no,5,3,2,1,1,3,2,10,11,12,mother,1,3,0,no,no,no,yes,yes,no,5,3,2,1,1,3,1,13,12,12
267,GP,F,17,U,GT3,T,3,3,other,other,home,mother,1,3,0,no,no,no,yes,no,yes,no,no,3,2,3,1,1,4,2,15,12,13,mother,1,3,0,no,no,no,yes,yes,no,3,2,3,1,1,4,4,10,9,9
268,GP,F,18,U,GT3,T,2,2,at_home,services,home,mother,1,3,0,no,yes,no,yes,yes,yes,yes,yes,4,3,3,1,1,3,0,11,12,13,mother,1,3,0,no,yes,yes,yes,yes,yes,4,3,3,1,1,3,0,9,10,0
269,GP,M,18,R,LE3,A,3,4,other,other,reputation,mother,2,2,0,no,yes,no,yes,yes,yes,yes,no,4,2,5,3,4,1,6,15,16,16,mother,2,2,0,no,yes,yes,yes,yes,no,4,2,5,3,4,1,13,17,17,17
270,GP,M,17,U,GT3,T,3,1,services,other,other,mother,1,2,0,no,no,no,yes,yes,yes,yes,yes,5,4,4,3,4,5,0,11,11,14,mother,1,2,0,no,no,yes,yes,yes,yes,5,4,4,3,4,5,2,9,9,10
271,GP,F,18,R,GT3,T,4,4,teacher,other,reputation,mother,2,2,0,no,no,no,yes,yes,yes,yes,no,4,3,4,2,2,4,8,10,11,12,mother,2,2,0,no,no,yes,yes,yes,no,4,3,4,2,2,4,8,12,10,11
272,GP,M,18,U,GT3,T,4,2,health,other,reputation,father,1,2,0,no,yes,no,yes,yes,yes,yes,yes,5,4,5,1,3,5,4,10,12,14,father,1,2,0,no,yes,yes,yes,yes,yes,5,4,5,1,3,5,10,10,9,10
273,GP,F,18,R,GT3,T,2,1,other,other,reputation,mother,2,2,0,no,yes,no,no,yes,no,yes,yes,4,3,5,1,2,3,12,8,9,10,mother,2,2,0,no,yes,no,no,no,yes,4,3,5,1,2,3,0,6,0,0
274,GP,F,19,U,GT3,T,3,3,other,services,home,other,1,2,0,no,yes,no,yes,yes,yes,yes,no,4,3,5,3,3,5,16,11,12,12,other,1,2,2,no,yes,yes,yes,yes,no,4,3,5,3,3,5,15,9,9,9
275,GP,F,18,U,GT3,T,2,3,other,services,reputation,father,1,4,0,no,yes,no,yes,yes,yes,yes,yes,4,5,5,1,3,2,10,16,16,16,father,1,4,0,no,yes,yes,yes,yes,yes,4,5,5,1,3,2,4,15,14,14
276,GP,F,18,U,LE3,T,1,1,other,other,home,mother,2,2,0,no,yes,no,no,no,yes,no,no,4,4,3,1,1,3,2,13,13,13,mother,2,2,0,no,yes,yes,no,yes,no,4,4,3,1,1,3,2,11,11,11
277,GP,M,17,R,GT3,T,1,2,at_home,at_home,home,mother,1,2,0,no,yes,no,yes,no,yes,no,yes,3,5,2,2,2,1,2,16,17,18,mother,1,2,0,no,yes,yes,yes,yes,yes,3,5,2,2,2,1,2,15,14,14
278,GP,F,17,U,GT3,T,2,4,at_home,health,reputation,mother,2,2,0,no,yes,no,no,yes,yes,yes,yes,4,3,3,1,1,1,6,15,16,16,mother,2,2,0,no,yes,yes,no,yes,yes,4,3,3,1,1,1,2,10,10,10
279,GP,F,17,U,LE3,T,2,2,services,other,course,mother,2,2,0,yes,yes,no,no,yes,yes,yes,yes,4,4,4,2,3,5,6,12,12,12,mother,2,2,0,yes,yes,yes,no,yes,yes,4,4,4,2,3,5,6,12,12,12
280,GP,F,18,R,GT3,A,3,2,other,services,home,mother,2,2,0,no,no,no,no,no,no,yes,yes,4,1,1,1,1,5,15,12,9,10,mother,2,2,0,no,no,no,no,no,yes,4,1,1,1,1,5,75,10,9,9
281,GP,M,18,U,GT3,T,4,4,teacher,services,home,mother,2,1,0,no,no,no,yes,yes,yes,yes,no,3,2,4,1,4,3,6,11,12,12,mother,2,1,0,no,no,yes,yes,yes,no,3,2,4,1,4,3,22,9,9,9
282,GP,M,18,U,GT3,T,4,4,teacher,services,home,mother,2,1,0,no,no,no,yes,yes,yes,yes,no,3,2,4,1,4,3,6,11,12,12,father,1,2,1,no,yes,no,yes,yes,no,4,3,3,2,2,2,0,10,10,0
283,GP,M,18,U,GT3,T,4,4,teacher,services,home,father,1,2,0,no,yes,no,yes,yes,yes,yes,no,4,3,3,2,2,2,0,12,12,13,mother,2,1,0,no,no,yes,yes,yes,no,3,2,4,1,4,3,22,9,9,9
284,GP,M,18,U,GT3,T,4,4,teacher,services,home,father,1,2,0,no,yes,no,yes,yes,yes,yes,no,4,3,3,2,2,2,0,12,12,13,father,1,2,1,no,yes,no,yes,yes,no,4,3,3,2,2,2,0,10,10,0
285,GP,F,18,U,GT3,T,4,4,health,health,reputation,father,1,2,1,yes,yes,no,yes,yes,yes,yes,yes,2,4,4,1,1,4,2,14,12,13,father,1,2,1,yes,yes,no,yes,yes,yes,2,4,4,1,1,4,15,9,8,8
286,GP,M,18,U,LE3,T,4,3,teacher,services,course,mother,2,1,0,no,no,no,yes,yes,yes,yes,no,4,2,3,1,2,1,0,10,10,10,mother,2,1,0,no,no,yes,yes,yes,no,4,2,3,1,2,1,8,10,11,10
287,GP,M,17,U,LE3,A,4,1,services,other,home,mother,2,1,0,no,no,no,yes,yes,yes,yes,yes,4,5,4,2,4,5,22,11,11,10,mother,2,1,0,no,no,yes,yes,yes,yes,4,5,4,2,4,5,30,8,8,8
288,GP,M,17,U,LE3,A,3,2,teacher,services,home,mother,1,1,0,no,no,no,no,yes,yes,yes,no,4,4,4,3,4,3,18,13,13,13,mother,1,1,1,no,no,no,no,yes,no,4,4,4,3,4,3,19,11,9,10
289,GP,F,18,R,LE3,T,1,1,at_home,other,reputation,mother,2,4,0,no,yes,no,yes,yes,yes,no,no,5,2,2,1,1,3,2,17,17,18,mother,2,4,0,no,yes,yes,yes,yes,no,5,2,2,1,1,3,1,12,12,12
290,GP,F,18,U,GT3,T,1,1,other,other,home,mother,2,2,0,yes,no,no,yes,yes,yes,yes,no,5,4,4,1,1,4,0,12,13,13,mother,2,2,0,yes,no,no,yes,yes,no,5,4,4,1,1,4,4,8,9,10
291,GP,F,18,U,GT3,T,1,1,other,other,home,mother,2,3,0,no,no,no,yes,yes,yes,yes,no,4,5,5,1,2,2,0,14,14,14,mother,2,2,0,yes,no,no,yes,yes,no,5,4,4,1,1,4,4,8,9,10
292,GP,F,17,U,GT3,T,2,2,other,other,course,mother,1,2,0,no,yes,no,no,no,yes,yes,no,5,4,5,1,2,5,12,12,12,14,mother,1,2,0,no,yes,no,no,yes,no,5,4,5,1,2,5,4,10,9,11
293,GP,M,17,U,GT3,T,1,1,other,other,reputation,father,1,2,0,no,no,no,no,no,yes,yes,no,4,3,3,1,2,4,0,12,12,12,father,1,2,0,no,no,yes,no,yes,no,4,3,3,1,2,4,2,12,10,11
294,GP,F,18,U,GT3,T,2,2,at_home,at_home,other,mother,1,3,0,no,yes,no,no,yes,yes,yes,no,4,3,3,1,2,2,0,18,18,18,mother,1,3,0,no,yes,yes,no,yes,no,4,3,3,1,2,2,5,18,18,19
295,GP,F,17,U,GT3,T,1,1,services,teacher,reputation,mother,1,3,0,no,yes,no,no,yes,yes,yes,no,4,3,3,1,1,3,0,13,13,14,mother,1,3,0,no,yes,yes,no,yes,no,4,3,3,1,1,3,6,13,12,12
296,GP,M,18,U,GT3,T,2,1,services,services,reputation,mother,1,3,0,no,no,no,yes,yes,yes,yes,no,4,2,4,1,3,2,0,14,15,15,mother,1,3,0,no,no,yes,yes,yes,no,4,2,4,1,3,2,6,15,14,14
297,GP,M,18,U,LE3,A,4,4,teacher,teacher,reputation,mother,1,2,0,no,yes,no,yes,yes,yes,yes,no,5,4,3,1,1,2,0,17,17,17,mother,1,2,0,no,yes,yes,yes,yes,no,5,4,3,1,1,2,9,15,13,15
298,GP,M,18,U,GT3,T,4,2,teacher,other,home,mother,1,2,0,no,yes,no,yes,yes,yes,yes,yes,4,3,2,1,4,5,2,15,16,16,mother,1,2,0,no,yes,yes,yes,yes,yes,4,3,2,1,4,5,11,12,11,11
299,GP,F,17,U,GT3,T,4,3,health,services,reputation,mother,1,3,0,no,yes,no,no,yes,yes,yes,no,4,2,2,1,2,3,0,17,18,18,mother,1,3,0,no,yes,yes,no,yes,no,4,2,2,1,2,3,0,15,15,15
300,GP,F,17,R,LE3,T,3,1,services,other,reputation,mother,2,4,0,no,yes,no,no,yes,yes,no,no,3,1,2,1,1,3,0,18,19,19,mother,2,4,0,no,yes,yes,no,yes,no,3,1,2,1,1,3,6,18,18,18
301,GP,M,18,R,LE3,T,3,2,services,other,reputation,mother,2,3,0,no,yes,no,yes,yes,yes,yes,no,5,4,2,1,1,4,0,14,15,15,mother,2,3,0,no,yes,yes,yes,yes,no,5,4,2,1,1,4,8,14,13,14
302,GP,M,17,U,GT3,T,3,3,health,other,home,mother,1,1,0,no,yes,no,no,yes,yes,yes,no,4,4,3,1,3,5,0,14,15,15,mother,1,1,0,no,yes,yes,no,yes,no,4,4,3,1,3,5,4,14,12,11
303,GP,F,19,U,GT3,T,4,4,health,other,reputation,other,2,2,0,no,yes,no,yes,yes,yes,yes,no,2,3,4,2,3,2,2,14,13,13,other,2,2,0,no,yes,yes,yes,yes,no,2,3,4,2,3,2,0,10,9,0
304,GP,F,18,U,LE3,T,4,3,other,other,home,other,2,2,0,no,yes,no,no,yes,yes,yes,yes,4,4,5,1,2,2,0,13,14,14,other,2,2,0,no,yes,yes,no,yes,yes,4,4,5,1,2,2,10,10,8,8
305,GP,F,18,U,GT3,T,4,3,other,other,reputation,father,1,4,0,no,yes,no,no,yes,yes,yes,no,4,3,3,1,1,3,0,16,17,17,father,1,4,0,no,yes,yes,no,yes,no,4,3,3,1,1,3,0,14,13,14
306,GP,M,18,U,LE3,T,4,4,teacher,teacher,home,mother,1,1,0,no,yes,no,no,yes,yes,yes,yes,1,4,2,2,2,1,0,18,18,17,mother,1,1,0,no,yes,yes,no,yes,yes,1,4,2,2,2,1,5,16,15,16
307,GP,F,18,U,LE3,A,4,4,health,other,home,mother,1,2,0,no,yes,yes,no,yes,yes,yes,yes,4,2,4,1,1,4,0,14,15,15,mother,1,2,0,no,yes,no,no,yes,yes,4,2,4,1,1,4,14,12,10,11
308,GP,M,17,U,LE3,T,4,4,other,teacher,home,father,2,1,0,no,no,no,no,yes,yes,yes,no,4,1,1,2,2,5,0,12,13,13,father,2,1,0,no,no,yes,no,yes,no,4,1,1,2,2,5,0,11,11,10
309,GP,F,17,U,GT3,T,4,2,other,other,reputation,mother,2,3,0,no,yes,no,no,yes,yes,yes,no,4,3,3,1,1,3,0,16,16,16,mother,2,3,0,no,yes,yes,no,yes,no,4,3,3,1,1,3,0,15,12,14
310,GP,F,17,U,GT3,T,3,2,health,health,reputation,father,1,4,0,no,yes,no,yes,no,yes,yes,no,5,2,2,1,2,5,0,18,18,18,father,1,4,0,no,yes,yes,yes,yes,no,5,2,2,1,2,5,0,17,17,18
311,GP,M,20,U,GT3,A,3,2,services,other,course,other,1,1,2,no,no,no,yes,yes,yes,no,no,5,5,3,1,1,5,0,14,15,15,other,1,1,0,no,no,no,yes,yes,no,5,5,3,1,1,5,0,17,18,18
312,GP,M,19,R,GT3,T,3,3,other,services,reputation,father,1,2,0,no,no,no,yes,yes,yes,no,yes,4,5,3,1,2,5,0,10,10,11,father,1,2,1,no,no,no,yes,yes,yes,4,5,3,1,2,5,0,15,12,12
313,GP,F,18,U,GT3,T,2,1,services,other,course,mother,2,2,0,no,yes,no,yes,yes,yes,yes,no,5,3,3,1,2,1,2,12,12,15,mother,2,2,0,no,yes,yes,yes,yes,no,5,3,3,1,2,1,0,8,8,0
314,GP,F,18,U,GT3,T,4,3,other,other,course,mother,1,3,0,no,yes,no,yes,yes,yes,yes,yes,4,3,4,1,1,5,2,14,15,17,mother,1,3,0,no,yes,yes,yes,yes,yes,4,3,4,1,1,5,9,9,10,9
315,GP,F,17,R,GT3,T,3,4,at_home,services,course,father,1,3,0,no,yes,no,yes,no,yes,yes,no,4,3,4,2,5,5,2,15,15,17,father,1,3,0,no,yes,yes,yes,yes,no,4,3,4,2,5,5,0,11,11,10
316,GP,F,18,U,GT3,T,4,4,teacher,other,course,mother,1,2,0,no,yes,no,no,yes,yes,yes,no,4,4,4,3,3,5,0,12,11,13,mother,1,2,0,no,yes,yes,no,yes,no,4,4,4,3,3,5,2,11,11,11
317,GP,F,17,U,GT3,A,4,3,services,services,course,mother,1,2,0,no,yes,no,no,yes,yes,yes,yes,5,2,2,1,2,5,14,15,14,17,mother,1,2,0,no,yes,yes,no,yes,yes,5,2,2,1,2,5,23,13,13,13
318,GP,F,17,U,GT3,T,2,2,other,other,course,mother,1,2,0,no,yes,no,no,yes,yes,no,yes,4,2,2,1,1,3,4,14,13,13,mother,1,2,0,no,yes,no,no,yes,yes,4,2,2,1,1,3,12,11,9,9
319,GP,F,17,R,LE3,T,2,2,services,services,course,mother,1,3,0,no,yes,no,yes,yes,yes,yes,no,3,3,2,2,2,3,0,11,11,10,mother,1,3,0,no,yes,yes,yes,yes,no,3,3,2,2,2,3,3,11,11,11
320,GP,F,17,U,GT3,T,3,1,services,services,course,father,1,3,0,no,yes,no,no,no,yes,yes,no,3,4,3,2,3,5,0,17,18,17,father,1,3,0,no,yes,no,no,yes,no,3,4,3,2,3,5,1,12,14,15
321,GP,F,17,U,LE3,T,0,2,at_home,at_home,home,father,2,3,0,no,no,no,no,yes,yes,yes,no,3,3,3,2,3,2,0,14,14,15,father,2,3,0,no,no,no,no,yes,no,3,3,3,2,3,2,0,16,15,15
322,GP,M,18,U,GT3,T,4,4,other,other,course,mother,1,3,0,no,no,no,yes,yes,yes,yes,no,4,3,3,2,2,3,0,13,14,13,mother,1,3,0,no,no,no,yes,yes,no,4,3,3,2,2,3,3,9,12,11
323,GP,M,17,U,GT3,T,3,3,other,services,reputation,mother,1,1,0,no,no,no,yes,no,yes,yes,no,4,3,5,3,5,5,0,17,18,17,mother,1,1,0,no,no,no,yes,yes,no,4,3,5,3,5,5,3,14,15,16
324,GP,M,17,R,GT3,T,2,2,services,other,course,mother,4,1,0,no,yes,no,no,yes,yes,yes,no,4,4,5,5,5,4,2,11,10,10,mother,4,1,0,no,yes,no,no,yes,no,4,4,5,5,5,4,8,11,10,10
325,GP,F,17,U,GT3,T,4,4,teacher,teacher,course,mother,2,3,0,no,yes,no,no,no,yes,yes,yes,4,3,3,1,2,4,4,15,14,15,mother,2,3,0,no,yes,yes,no,yes,yes,4,3,3,1,2,4,4,14,14,14
326,GP,M,18,U,LE3,T,2,2,other,other,course,mother,1,4,0,no,yes,yes,yes,yes,yes,yes,no,4,5,5,2,4,5,0,11,11,12,mother,1,4,0,no,yes,no,yes,yes,no,4,5,5,2,4,5,2,9,8,8
327,GP,F,17,R,GT3,T,2,4,at_home,other,course,father,1,3,0,no,yes,no,no,yes,yes,yes,yes,4,4,3,1,1,5,0,15,15,15,father,1,3,0,no,yes,no,no,yes,yes,4,4,3,1,1,5,7,12,14,14
328,GP,F,18,U,GT3,T,3,3,services,services,home,mother,1,2,0,no,no,no,yes,yes,yes,yes,no,5,3,4,1,1,4,8,10,11,12,mother,1,2,0,no,no,no,yes,yes,no,5,3,4,1,1,4,0,7,0,0
329,GP,F,18,U,LE3,T,2,2,other,other,home,other,1,2,0,no,no,no,yes,no,yes,yes,yes,4,3,3,1,1,2,0,10,9,12,other,1,2,0,no,no,no,yes,yes,yes,4,3,3,1,1,2,0,8,8,0
330,GP,F,18,R,GT3,T,2,2,at_home,other,course,mother,2,4,0,no,no,no,yes,yes,yes,no,no,4,4,4,1,1,4,6,14,13,14,mother,2,4,0,no,no,no,yes,yes,no,4,4,4,1,1,4,0,10,9,0
331,GP,F,17,U,GT3,T,3,4,services,other,course,mother,1,3,0,no,no,no,no,yes,yes,yes,no,4,4,5,1,3,5,8,11,13,14,mother,1,3,0,no,no,no,no,yes,no,4,4,5,1,3,5,16,16,15,15
332,GP,F,17,U,GT3,T,3,2,other,other,home,mother,1,2,0,no,yes,no,no,yes,yes,yes,yes,4,3,2,2,3,2,0,12,13,15,mother,1,2,0,no,yes,yes,no,yes,yes,4,3,2,2,3,2,0,7,8,0
333,GP,F,18,U,LE3,T,3,3,services,services,home,mother,1,4,0,no,yes,no,no,yes,yes,yes,no,5,3,3,1,1,1,4,14,14,15,mother,1,4,0,no,yes,no,no,yes,no,5,3,3,1,1,1,7,16,15,17
334,GP,F,17,R,GT3,A,3,2,other,other,home,mother,1,2,0,no,yes,no,no,yes,yes,yes,no,4,3,3,2,3,2,0,14,14,16,mother,1,2,0,no,yes,yes,no,yes,no,4,3,3,2,3,2,4,9,10,10
335,GP,M,18,U,LE3,T,3,4,services,other,home,mother,1,2,0,no,no,no,yes,yes,yes,yes,yes,4,3,3,1,3,5,6,16,16,17,mother,1,2,0,no,no,no,yes,yes,yes,4,3,3,1,3,5,11,16,15,15
336,GP,F,17,U,GT3,A,2,2,at_home,at_home,home,father,1,2,0,no,yes,no,no,yes,yes,yes,yes,3,3,1,1,2,4,18,10,12,14,father,1,2,1,no,yes,no,no,yes,yes,3,3,1,1,2,4,0,9,8,0
337,GP,F,18,U,GT3,T,2,3,at_home,other,course,mother,1,3,0,no,yes,no,no,yes,yes,yes,no,4,3,3,1,2,3,0,11,12,14,mother,1,3,0,no,yes,no,no,yes,no,4,3,3,1,2,3,4,11,10,10
338,GP,F,18,U,GT3,T,3,2,other,services,other,mother,1,3,0,no,no,no,no,yes,yes,yes,yes,5,4,3,2,3,1,4,14,16,17,mother,1,3,0,no,no,no,no,yes,yes,5,4,3,2,3,1,7,13,13,14
339,GP,M,18,R,GT3,T,4,3,teacher,services,course,mother,1,3,0,no,no,no,no,yes,yes,yes,yes,5,3,2,1,2,4,4,15,14,17,mother,1,3,0,no,no,no,no,yes,yes,5,3,2,1,2,4,9,16,15,16
340,GP,M,18,U,GT3,T,4,3,teacher,other,course,mother,1,3,0,no,yes,no,no,yes,yes,yes,yes,5,4,5,2,3,5,0,14,13,14,mother,1,3,0,no,yes,yes,no,yes,yes,5,4,5,2,3,5,0,10,10,9
341,GP,F,17,U,GT3,T,4,3,health,other,reputation,mother,1,3,0,no,yes,no,yes,yes,yes,yes,yes,4,4,3,1,3,4,0,11,12,13,mother,1,3,0,no,yes,yes,yes,yes,yes,4,4,3,1,3,4,0,13,15,15
342,MS,M,18,R,GT3,T,3,2,other,other,course,mother,2,1,0,no,yes,no,no,no,yes,yes,no,2,5,5,5,5,5,8,9,10,11,mother,2,1,1,no,yes,no,no,yes,no,2,5,5,5,5,5,10,11,13,13
343,MS,M,19,R,GT3,T,1,1,other,services,home,other,3,2,1,no,no,no,no,yes,yes,yes,no,5,4,4,3,3,2,8,10,9,11,other,3,2,3,no,no,no,no,yes,no,5,4,4,3,3,2,8,8,7,8
344,MS,M,17,U,GT3,T,3,3,health,other,course,mother,2,2,1,no,yes,no,no,yes,yes,yes,no,4,5,4,2,3,3,4,8,9,10,mother,2,2,0,no,yes,yes,no,yes,no,4,5,4,2,3,3,2,13,13,13
345,MS,M,18,U,LE3,T,1,3,at_home,services,course,mother,1,1,0,no,no,no,no,yes,no,yes,yes,4,3,3,2,3,3,0,9,10,9,mother,1,1,1,no,no,no,no,no,yes,4,3,3,2,3,3,7,8,7,8
346,MS,M,19,R,GT3,T,1,1,other,other,home,other,3,1,1,no,yes,no,no,yes,yes,yes,no,4,4,4,3,3,5,4,8,9,10,other,3,1,1,no,yes,no,no,yes,no,4,4,4,3,3,5,4,8,8,8
347,MS,F,18,U,GT3,T,1,1,other,other,course,mother,3,2,2,no,no,no,yes,yes,yes,no,yes,3,4,4,2,2,5,3,7,8,7,mother,2,2,1,no,no,no,yes,yes,no,1,1,1,1,1,5,0,6,5,0
348,MS,F,18,U,GT3,T,1,1,other,other,course,mother,2,2,0,no,no,no,yes,yes,yes,no,no,1,1,1,1,1,5,6,11,12,9,mother,2,2,1,no,no,no,yes,yes,no,1,1,1,1,1,5,0,6,5,0
349,MS,M,17,R,GT3,T,4,3,services,other,home,mother,2,2,1,no,yes,yes,yes,no,yes,yes,yes,4,5,5,1,3,2,4,10,11,11,mother,2,2,0,no,yes,yes,yes,yes,yes,4,5,5,1,3,2,4,13,11,11
350,MS,F,18,U,GT3,T,3,3,services,services,course,father,1,2,0,no,yes,no,no,yes,yes,no,yes,5,3,4,1,1,5,0,10,10,10,father,1,2,0,no,yes,no,no,yes,yes,5,3,4,1,1,5,0,10,9,9
351,MS,F,17,R,GT3,T,4,4,teacher,services,other,father,2,2,0,no,yes,yes,yes,yes,yes,yes,no,4,3,3,1,2,5,2,12,12,12,father,2,2,0,no,yes,yes,yes,yes,no,4,3,3,1,2,5,4,12,13,13
352,MS,F,17,U,LE3,A,3,2,services,other,reputation,mother,2,2,0,no,no,no,no,yes,yes,no,yes,1,2,3,1,2,5,0,15,14,15,mother,2,2,0,no,no,no,no,yes,yes,1,2,3,1,2,5,2,12,12,11
353,MS,M,18,U,LE3,T,1,1,other,services,home,father,2,1,0,no,no,no,no,no,yes,yes,yes,3,3,2,1,2,3,2,14,13,14,father,2,1,0,no,no,no,no,yes,yes,3,3,2,1,2,3,4,10,10,10
354,MS,F,18,U,LE3,T,1,1,at_home,services,course,father,2,3,0,no,no,no,no,yes,yes,yes,no,5,3,2,1,1,4,0,19,17,18,father,2,3,0,no,no,no,no,yes,no,5,3,2,1,1,4,0,18,16,16
355,MS,F,18,U,GT3,T,3,3,services,services,other,mother,2,2,0,no,yes,no,no,yes,yes,yes,yes,4,3,2,1,3,3,6,13,12,13,mother,2,2,0,no,yes,no,no,yes,yes,4,3,2,1,3,3,0,11,11,10
356,MS,F,17,U,LE3,T,4,4,at_home,at_home,course,mother,1,2,0,no,yes,no,yes,yes,yes,yes,yes,2,3,4,1,1,1,4,15,14,15,mother,1,2,0,no,yes,yes,yes,yes,yes,2,3,4,1,1,1,0,16,15,15
357,MS,F,17,R,GT3,T,1,2,other,services,course,father,2,2,0,no,no,no,no,no,yes,no,no,3,2,2,1,2,3,0,13,13,13,father,2,2,0,no,no,no,no,yes,no,3,2,2,1,2,3,0,12,11,12
358,MS,M,18,R,GT3,T,1,3,at_home,other,course,mother,2,2,0,no,yes,yes,no,yes,yes,no,no,3,3,4,2,4,3,0,8,10,9,mother,2,2,0,no,yes,yes,no,yes,no,3,3,4,2,4,3,4,10,10,10
359,MS,M,18,U,LE3,T,4,4,teacher,services,other,mother,2,3,0,no,no,no,no,yes,yes,yes,yes,4,2,2,2,2,5,0,15,16,16,mother,2,3,0,no,no,yes,no,yes,yes,4,2,2,2,2,5,0,13,13,13
360,MS,F,17,R,GT3,T,1,1,other,services,reputation,mother,3,1,1,no,yes,no,no,yes,yes,yes,yes,5,2,1,1,2,1,0,8,8,9,mother,3,1,1,no,yes,yes,no,yes,yes,5,2,1,1,2,1,0,7,6,0
361,MS,F,18,U,GT3,T,2,3,at_home,services,course,father,2,1,0,no,yes,no,no,yes,yes,yes,yes,5,2,3,1,2,4,0,10,10,10,father,2,1,0,no,yes,yes,no,yes,yes,5,2,3,1,2,4,0,11,10,10
362,MS,F,18,R,GT3,T,4,4,other,teacher,other,father,3,2,0,no,yes,no,no,no,yes,yes,yes,3,2,2,4,2,5,0,7,5,0,father,3,2,0,no,yes,yes,no,yes,yes,3,2,2,4,2,5,10,14,12,11
363,MS,M,18,R,LE3,T,1,2,at_home,services,other,father,3,1,0,no,yes,no,yes,yes,no,yes,yes,4,3,3,2,3,3,3,9,10,10,father,3,1,0,no,yes,yes,yes,no,yes,4,3,3,2,3,3,3,14,12,12
364,MS,F,17,U,GT3,T,2,2,other,at_home,home,mother,1,3,0,no,no,no,yes,yes,yes,no,yes,3,4,3,1,1,3,8,10,11,12,mother,1,3,0,no,no,no,yes,yes,yes,3,4,3,1,1,3,8,13,11,11
365,MS,F,17,R,GT3,T,1,2,other,other,course,mother,1,1,0,no,no,no,yes,yes,yes,yes,no,3,5,5,1,3,1,4,7,8,9,mother,1,1,0,no,no,no,yes,yes,no,3,5,5,1,3,1,14,6,5,5
366,MS,F,18,R,LE3,T,4,4,other,other,reputation,mother,2,3,0,no,no,no,no,yes,yes,yes,no,5,4,4,1,1,1,0,15,17,17,mother,2,3,0,no,no,no,no,yes,no,5,4,4,1,1,1,0,19,18,19
367,MS,F,18,R,GT3,T,1,1,other,other,home,mother,4,3,0,no,no,no,no,yes,yes,yes,no,4,3,2,1,2,4,4,10,11,12,mother,4,3,0,no,no,no,no,yes,no,4,3,2,1,2,4,2,8,8,10
368,MS,F,18,R,LE3,T,4,4,teacher,services,course,mother,1,2,0,no,no,no,yes,yes,yes,yes,no,5,4,3,3,4,2,1,13,14,14,mother,1,2,0,no,no,yes,yes,yes,no,5,4,3,3,4,2,4,8,9,10
369,MS,F,18,U,GT3,T,3,3,other,other,home,mother,1,2,0,no,no,no,no,yes,yes,yes,yes,4,1,3,1,2,1,1,16,16,16,mother,1,2,0,no,no,yes,no,yes,yes,4,1,3,1,2,1,0,15,15,15
370,MS,F,17,R,GT3,T,3,1,at_home,other,reputation,mother,1,2,0,no,yes,no,yes,no,yes,yes,no,4,5,4,2,3,1,10,8,9,9,mother,1,2,0,no,yes,yes,yes,yes,no,4,5,4,2,3,1,17,10,10,10
371,MS,M,18,U,GT3,T,4,4,teacher,teacher,home,father,1,2,0,no,no,no,yes,no,yes,yes,no,3,2,4,1,4,2,4,17,18,19,father,1,2,0,no,no,yes,yes,yes,no,3,2,4,1,4,2,4,15,14,14
372,MS,M,18,R,GT3,T,2,1,other,other,other,mother,2,1,0,no,no,no,yes,no,yes,yes,yes,4,4,3,1,3,5,0,7,7,0,mother,2,1,0,no,no,no,yes,yes,yes,4,4,3,1,3,5,5,7,6,7
373,MS,M,17,U,GT3,T,2,3,other,services,home,father,2,2,0,no,no,no,yes,yes,yes,yes,no,4,4,3,1,1,3,4,14,15,16,father,2,2,0,no,no,no,yes,yes,no,4,4,3,1,1,3,2,11,11,10
374,MS,M,19,R,GT3,T,1,1,other,services,other,mother,2,1,1,no,no,no,no,yes,yes,no,no,4,3,2,1,3,5,0,5,8,0,mother,2,1,1,no,no,no,no,yes,no,4,3,2,1,3,5,0,6,5,0
375,MS,M,18,R,GT3,T,4,2,other,other,home,father,2,1,1,no,no,yes,no,yes,yes,no,no,5,4,3,4,3,3,0,7,7,0,father,2,1,1,no,no,yes,no,yes,no,5,4,3,4,3,3,14,6,5,5
376,MS,F,18,R,GT3,T,2,2,at_home,other,other,mother,2,3,0,no,no,no,no,yes,yes,no,no,5,3,3,1,3,4,0,14,17,15,mother,2,3,0,no,no,yes,no,yes,no,5,3,3,1,3,4,2,10,9,10
377,MS,F,18,R,GT3,T,4,4,teacher,at_home,reputation,mother,3,1,0,no,yes,no,yes,yes,yes,yes,yes,4,4,3,2,2,5,4,7,9,10,mother,3,1,0,no,yes,yes,yes,yes,yes,4,4,3,2,2,5,7,6,5,6
378,MS,F,19,R,GT3,T,2,3,services,other,course,mother,1,3,1,no,no,no,yes,no,yes,yes,no,5,4,2,1,2,5,4,10,11,10,mother,1,3,1,no,no,no,yes,yes,no,5,4,2,1,2,5,0,7,5,0
379,MS,F,18,U,LE3,T,3,1,teacher,services,course,mother,1,2,0,no,yes,no,no,yes,yes,yes,no,4,3,4,1,1,1,4,15,15,16,mother,1,2,0,no,yes,yes,no,yes,no,4,3,4,1,1,1,0,7,9,8
380,MS,M,17,U,LE3,T,3,1,services,services,course,mother,2,1,0,no,no,no,no,no,yes,yes,no,2,4,5,3,4,2,6,10,10,10,mother,2,1,0,no,no,no,no,yes,no,2,4,5,3,4,2,3,14,16,16
381,MS,M,18,R,LE3,T,3,2,services,other,course,mother,3,1,0,no,no,no,no,no,yes,yes,no,4,4,1,3,4,5,4,10,11,11,mother,3,1,0,no,no,no,no,yes,no,4,4,1,3,4,5,0,11,12,10
